-- phpMyAdmin SQL Dump
-- version 5.0.2
-- https://www.phpmyadmin.net/
--
-- Host: 127.0.0.1
-- Generation Time: Dec 13, 2020 at 08:14 AM
-- Server version: 10.4.14-MariaDB
-- PHP Version: 7.2.33

SET SQL_MODE = "NO_AUTO_VALUE_ON_ZERO";
START TRANSACTION;
SET time_zone = "+00:00";


/*!40101 SET @OLD_CHARACTER_SET_CLIENT=@@CHARACTER_SET_CLIENT */;
/*!40101 SET @OLD_CHARACTER_SET_RESULTS=@@CHARACTER_SET_RESULTS */;
/*!40101 SET @OLD_COLLATION_CONNECTION=@@COLLATION_CONNECTION */;
/*!40101 SET NAMES utf8mb4 */;

--
-- Database: `rs_orastaging`
--

-- --------------------------------------------------------

--
-- Table structure for table `berita_covid`
--

CREATE TABLE `berita_covid` (
  `id_berita` bigint(20) NOT NULL,
  `judul` varchar(225) NOT NULL,
  `cover` varchar(225) NOT NULL,
  `content` longtext NOT NULL,
  `tanggal` timestamp NOT NULL DEFAULT current_timestamp(),
  `status` varchar(225) NOT NULL
) ENGINE=InnoDB DEFAULT CHARSET=utf8mb4;

--
-- Dumping data for table `berita_covid`
--

INSERT INTO `berita_covid` (`id_berita`, `judul`, `cover`, `content`, `tanggal`, `status`) VALUES
(23, 'Data Tes dan Kasus Covid-19 DKI Jakarta', 'f4800216acf7fa08d517c5cc79261569.PNG', '<p>Data Tes dan Kasus Covid-19 DKI Jakarta</p>', '2020-10-14 04:57:15', 'Aktif'),
(25, 'Wujudkan Jakarta Sehat, Aman, dan Produktif', '3a9e0d15b9144be6728b272c9b408390.PNG', '<h3>Waspada Penularan Covid-19</h3>\r\n                <p>SARS-CoV-2 penyebab Covid-19 menyebar melalui kontak dengan droplet saluran napas penderita yang dihasilkan pada saat bicara, batuk, atau bersin. Droplet dapat bertahan di udara dalam beberapa waktu tertentu dan sampai jarak tertentu.</p>', '2020-10-17 08:42:16', 'Aktif'),
(26, 'Protokol Kesehatan Yang Harus Anda Patuhi', '6285c837bc6a5098764fa6e1e2b10085.PNG', '<div class=\"Z0mB9b\"><div class=\"PZPZlf\"><div class=\"INGOOb\" data-hveid=\"CAMQDA\" data-ved=\"2ahUKEwi186-oir7sAhU4ILcAHYggAvIQqsIBMAF6BAgDEAw\"></div></div><div class=\"PZPZlf\"><div class=\"INGOOb\" data-hveid=\"CAMQDQ\" data-ved=\"2ahUKEwi186-oir7sAhU4ILcAHYggAvIQqsIBMAF6BAgDEA0\"><br></div></div></div>', '2020-10-18 04:53:40', 'Aktif'),
(29, 'Test Indra', '6c610d24a6f6c33c904494ed196de973.JPG', '<p>Contoh Hasil Rapid</p>', '2020-10-25 14:50:36', 'NonAktif'),
(30, 'Test Rey', '22505945f2502fab3e86bb2cf5f6b703.jpg', '<p>Test Rey</p>', '2020-10-26 07:21:49', 'NonAktif'),
(31, 'cek_data2', 'cek_data2', 'cek_data2', '0000-00-00 00:00:00', 'Aktif'),
(32, 'cek_data2', 'cek_data2', 'cek_data2', '0000-00-00 00:00:00', 'Aktif'),
(33, 'cek data 333', '6d0fedbeeb74716ebd4b90954469598a.png', '<p>cek berita<br></p>', '0000-00-00 00:00:00', 'Aktif'),
(34, 'cek data 333', '6d0fedbeeb74716ebd4b90954469598a.png', '<p>cek berita<br></p>', '0000-00-00 00:00:00', 'Aktif'),
(35, 'cek_data4', 'cek_data2', 'cek_data2', '0000-00-00 00:00:00', 'Aktif');

-- --------------------------------------------------------

--
-- Table structure for table `ci_sessions`
--

CREATE TABLE `ci_sessions` (
  `id` varchar(40) NOT NULL,
  `ip_address` varchar(45) NOT NULL,
  `timestamp` int(10) UNSIGNED NOT NULL DEFAULT 0,
  `data` blob NOT NULL
) ENGINE=InnoDB DEFAULT CHARSET=utf8mb4;

--
-- Dumping data for table `ci_sessions`
--

INSERT INTO `ci_sessions` (`id`, `ip_address`, `timestamp`, `data`) VALUES
('0084b5990c53adc2ce83842b106b351f48e5300f', '45.130.231.152', 1603722671, 0x5f5f63695f6c6173745f726567656e65726174657c693a313630333732323637313b),
('0180ae018e3e28d75a8947f7a9b0761ce5d10dc1', '45.130.231.152', 1603724132, 0x5f5f63695f6c6173745f726567656e65726174657c693a313630333732343133323b),
('024cd06c2e652cfc66f702f2142ac1679b1e874f', '103.143.98.211', 1603718363, 0x5f5f63695f6c6173745f726567656e65726174657c693a313630333731383333313b),
('0370bc941c5bd626390448b80259d03385ee1289', '103.143.98.248', 1604499157, 0x5f5f63695f6c6173745f726567656e65726174657c693a313630343439393135373b),
('038726c3e55a6bc4b0d4c856fe53dbb798a0524b', '45.130.231.152', 1603722509, 0x5f5f63695f6c6173745f726567656e65726174657c693a313630333732323530393b),
('03b97604b18fb8d6cb5e8245b321b0fe9104ebe4', '103.143.98.248', 1604499157, 0x5f5f63695f6c6173745f726567656e65726174657c693a313630343439393135373b),
('0408e82c938b0aed2e2c5091ee3024115662cc7d', '114.79.55.223', 1604320069, 0x5f5f63695f6c6173745f726567656e65726174657c693a313630343332303036393b),
('04ecb10fafb8954dcd8c0dbd21f75de741ef4c69', '36.79.248.204', 1606945747, 0x5f5f63695f6c6173745f726567656e65726174657c693a313630363934353734373b),
('050e4ea5e653a793effb634a7a891d9200f2b77f', '45.130.231.152', 1603991159, 0x5f5f63695f6c6173745f726567656e65726174657c693a313630333939313135393b),
('0566de086b08f8d5ae0cffdd1e0273ac37918651', '140.213.7.101', 1604619497, 0x5f5f63695f6c6173745f726567656e65726174657c693a313630343631393439373b),
('057c614a5cb8a181c39efc71b6aaa3786df36997', '45.130.231.152', 1603724825, 0x5f5f63695f6c6173745f726567656e65726174657c693a313630333732343832353b),
('06101e7d5db420b974973476971cfc221746a6f5', '114.79.55.120', 1604573724, 0x5f5f63695f6c6173745f726567656e65726174657c693a313630343537333732343b),
('06ae7d48e247a87a1621967f6f6c26aea6979521', '45.130.231.152', 1603724622, 0x5f5f63695f6c6173745f726567656e65726174657c693a313630333732343632323b),
('06d1a921df95b626fd45ec071aafb8b94c4110ba', '45.130.231.152', 1603724825, 0x5f5f63695f6c6173745f726567656e65726174657c693a313630333732343832353b),
('07stfcqhehvmo707lkt5uq27mciu7fuk', '::1', 1607617977, 0x5f5f63695f6c6173745f726567656e65726174657c693a313630373631373937373b),
('08181651d303e875594a5f48331d8e79086c17c2', '112.215.170.143', 1605034744, 0x5f5f63695f6c6173745f726567656e65726174657c693a313630353033343734343b),
('083d4b02fe3f608b7fdbbc7fa890d3a55b109b4a', '103.143.98.248', 1604495919, 0x5f5f63695f6c6173745f726567656e65726174657c693a313630343439353931393b),
('09a122197970745512588396fe3ed6284ba0182c', '45.130.231.152', 1603724727, 0x5f5f63695f6c6173745f726567656e65726174657c693a313630333732343732373b),
('0b04a171e01ec56fa5e675daf9ce87c2c7234c74', '205.169.39.28', 1606653314, 0x5f5f63695f6c6173745f726567656e65726174657c693a313630363635333331343b),
('0b2f89577c3b957fd8044a618062115d5102c8f7', '45.118.112.142', 1607611082, 0x5f5f63695f6c6173745f726567656e65726174657c693a313630373631313038323b),
('0b33928c2601ce7a5fb47adf4577179f7ac56d80', '157.245.3.124', 1604712831, 0x5f5f63695f6c6173745f726567656e65726174657c693a313630343731323833313b),
('0b5620d0402cff76f2410773a2916a622dab198c', '114.79.55.48', 1604602621, 0x5f5f63695f6c6173745f726567656e65726174657c693a313630343630323632313b),
('0b5df65cd1bcc39bd44cfffb464e7914ed58333a', '114.79.55.223', 1604306700, 0x5f5f63695f6c6173745f726567656e65726174657c693a313630343330363730303b),
('0c1a1f599f72b39a0af439695a6d8a8c520c37a8', '45.130.231.152', 1605696858, 0x5f5f63695f6c6173745f726567656e65726174657c693a313630353639363835383b),
('0cc3d0888709e1b44cdd07940ad57314835896d5', '182.2.133.199', 1606466077, 0x5f5f63695f6c6173745f726567656e65726174657c693a313630363436363037373b),
('0d073fe1d149bfc6ad44085c2a10cab2004288f1', '114.79.2.253', 1604062904, 0x5f5f63695f6c6173745f726567656e65726174657c693a313630343036323930343b),
('0d22a4003bd825970dcde1213ea3671f3c026f1e', '45.130.231.152', 1603725188, 0x5f5f63695f6c6173745f726567656e65726174657c693a313630333732353138383b),
('0d4c79ccd5bc2c6321410fb574eff63475576fe6', '45.130.231.152', 1603723991, 0x5f5f63695f6c6173745f726567656e65726174657c693a313630333732333939313b),
('0d8ae5f275dd1dc6eaed612c80116be61a91e5fc', '45.130.231.152', 1603722406, 0x5f5f63695f6c6173745f726567656e65726174657c693a313630333732323430363b),
('0e5f63c7e8ac41aaa2645956fdc8d6215c6c9a21', '45.130.231.152', 1604596353, 0x5f5f63695f6c6173745f726567656e65726174657c693a313630343539363335333b),
('0ee6a70dfce5cc26f97aa04460e3bd34a99427f4', '45.130.231.152', 1603725171, 0x5f5f63695f6c6173745f726567656e65726174657c693a313630333732353137313b),
('0f29cbc1a152d9a9c9c3c50e7b6429a32d373559', '36.79.248.204', 1606927152, 0x5f5f63695f6c6173745f726567656e65726174657c693a313630363932373135323b),
('0faf589dbfa02e3b4549e37d438e6e90d4df16f2', '103.143.98.21', 1605606112, 0x5f5f63695f6c6173745f726567656e65726174657c693a313630353630353938373b),
('0i55obijureuomgcqsrjdv3ug2e064ld', '127.0.0.1', 1607766891, 0x6e616d617c733a31393a2252756d61682053616b69742044757374697261223b7374617475737c733a353a224c6f67696e223b69645f757365727c733a313a2232223b6c6576656c7c733a313a2231223b5f5f63695f6c6173745f726567656e65726174657c693a313630373736363839313b),
('10c130f3ed0e26f572df41376b8828afedeeeafb', '202.80.213.80', 1605696858, 0x5f5f63695f6c6173745f726567656e65726174657c693a313630353639363835353b),
('111637c6e0da8cd68df51e50fb5682a4bb0c3f36', '114.122.68.189', 1606847103, 0x5f5f63695f6c6173745f726567656e65726174657c693a313630363834373130333b),
('119ed04f2abc00fed86350289f2646a018126841', '115.178.208.210', 1603717342, 0x5f5f63695f6c6173745f726567656e65726174657c693a313630333731373234303b),
('12533290c1d3cf69b7e544f473ba763d709d737c', '114.124.148.96', 1607179903, 0x5f5f63695f6c6173745f726567656e65726174657c693a313630373137393930333b),
('126665cef26e1e4ce62abf3f986a08aa859f0c20', '114.124.130.43', 1606738754, 0x5f5f63695f6c6173745f726567656e65726174657c693a313630363733383735343b),
('12a86977fbb81bf76bb285605eb53b66b06696f4', '182.253.245.126', 1605243464, 0x5f5f63695f6c6173745f726567656e65726174657c693a313630353234333236373b),
('12bcb8be9fd9036949b08e0b7518c91f9b258934', '114.5.217.87', 1604423964, 0x5f5f63695f6c6173745f726567656e65726174657c693a313630343432333936343b),
('13484de0cde11173591175bceb31bbd137b746d0', '114.79.55.173', 1604607042, 0x5f5f63695f6c6173745f726567656e65726174657c693a313630343630373034323b),
('13499047d6ae7ff07de6afb92833e1ce05c52351', '45.118.112.142', 1605029421, 0x5f5f63695f6c6173745f726567656e65726174657c693a313630353032393432313b),
('1372975775e517c219c2eb823034f26b912e5184', '45.118.112.142', 1605030583, 0x5f5f63695f6c6173745f726567656e65726174657c693a313630353033303538333b),
('138855e89b92bd78e7f9a67e9d0837b77e9c761a', '114.79.55.104', 1604126599, 0x5f5f63695f6c6173745f726567656e65726174657c693a313630343132363539393b),
('13b12516f6b8535cc18692270265cb0cbc960c90', '114.79.3.207', 1604669172, 0x5f5f63695f6c6173745f726567656e65726174657c693a313630343636393131303b),
('13e83c62490d49353e11109426f57f92259addba', '114.79.55.173', 1604388779, 0x5f5f63695f6c6173745f726567656e65726174657c693a313630343338383737393b),
('141e66a74b433f31468f6128409cd67ad8f15afd', '36.70.129.27', 1606040414, 0x5f5f63695f6c6173745f726567656e65726174657c693a313630363034303334353b),
('1474948cb1c162ccf9ace9afda4bb8926a9fb8d1', '114.79.55.104', 1604141077, 0x5f5f63695f6c6173745f726567656e65726174657c693a313630343134313037373b),
('14a65439e51cfc657d8874dd835397c79822d4b0', '45.118.112.142', 1605029647, 0x5f5f63695f6c6173745f726567656e65726174657c693a313630353032393634373b),
('16713cb872db119d667e847de295516352450ea0', '45.118.112.142', 1605030010, 0x5f5f63695f6c6173745f726567656e65726174657c693a313630353033303031303b),
('16bd823ddb289777bffa1ffdc73aee7cf51873ee', '45.118.112.142', 1604062899, 0x5f5f63695f6c6173745f726567656e65726174657c693a313630343036323839393b),
('1716efc5a7eb4d54e9698f118ba5f8bc8dabe0b8', '103.143.98.149', 1605007305, 0x5f5f63695f6c6173745f726567656e65726174657c693a313630353030373330353b),
('18032d3f2ecfbb25465a9a88f56984943712a03c', '103.143.98.12', 1604510870, 0x5f5f63695f6c6173745f726567656e65726174657c693a313630343531303634333b),
('1849b0ef3405442f33a90b0d0b849b3feb6f69a6', '114.79.6.69', 1603781411, 0x5f5f63695f6c6173745f726567656e65726174657c693a313630333738313337373b),
('1909fccad703530952cc60e6e86babdc0a00c3a6', '180.242.183.33', 1606762704, 0x5f5f63695f6c6173745f726567656e65726174657c693a313630363736323730343b),
('1959c908c0a7c7786a239569cb77203b6599ad07', '45.130.231.152', 1603722362, 0x5f5f63695f6c6173745f726567656e65726174657c693a313630333732323336323b),
('19a852d014200e5f1a3a8ce008e602419fea097b', '180.242.180.20', 1604608416, 0x6e616d617c733a353a2241646d696e223b7374617475737c733a353a224c6f67696e223b69645f757365727c733a313a2231223b6c6576656c7c733a313a2230223b5f5f63695f6c6173745f726567656e65726174657c693a313630343630383338373b),
('1a4f2089475b77e5dfa542e8a92ab6995454148c', '45.130.231.152', 1604596066, 0x5f5f63695f6c6173745f726567656e65726174657c693a313630343539363036363b),
('1aeca0ffcd0740db50666df992745e129ee94ec9', '180.242.180.20', 1604608433, 0x5f5f63695f6c6173745f726567656e65726174657c693a313630343630383433333b),
('1b4f7286f4ff85961546e4cda56f10729dba1749', '45.130.231.152', 1606311039, 0x5f5f63695f6c6173745f726567656e65726174657c693a313630363331313033393b),
('1bf04a3789f01b3d89f7a609b9c5f67d41ef9f22', '114.124.204.146', 1605497731, 0x5f5f63695f6c6173745f726567656e65726174657c693a313630353439373637353b),
('1c416e81fedd58f367a0f34f6b50323ef8b1012d', '36.79.248.204', 1606938395, 0x5f5f63695f6c6173745f726567656e65726174657c693a313630363933383339353b),
('1c95dc32da77c53b07c6a5d0937a28bf53884200', '36.79.248.204', 1606860996, 0x5f5f63695f6c6173745f726567656e65726174657c693a313630363836303939363b),
('1caf81d5f68f4fb0da5a648dd2a6fee4921819e0', '114.79.55.48', 1604605165, 0x5f5f63695f6c6173745f726567656e65726174657c693a313630343630353136353b),
('1d00f39081e783345ca8ab9839e8a6a6548277f3', '45.130.231.152', 1603725178, 0x5f5f63695f6c6173745f726567656e65726174657c693a313630333732353137383b),
('1db01ffd26440700d00461451cd0b48ee0f9e5c9', '45.118.112.142', 1605021375, 0x5f5f63695f6c6173745f726567656e65726174657c693a313630353032313337353b),
('1dc4320b912205bf6097d57d6cb7bbcf535e6138', '182.2.139.75', 1603725296, 0x6e616d617c733a31393a2252756d61682053616b69742044757374697261223b7374617475737c733a353a224c6f67696e223b69645f757365727c733a313a2232223b6c6576656c7c733a313a2231223b5f5f63695f6c6173745f726567656e65726174657c693a313630333732353137313b),
('1e021b75b79d370e3dafa87e69fbe753c21e8e6c', '45.130.231.152', 1604596289, 0x5f5f63695f6c6173745f726567656e65726174657c693a313630343539363238393b),
('1e071005e4d60f3a2c12ebaf965e9fe565747a42', '45.130.231.152', 1604608416, 0x5f5f63695f6c6173745f726567656e65726174657c693a313630343630383431363b),
('1e3a19f6e9cd1692b82c4e63af418b3b2d77de24', '103.143.98.248', 1604497576, 0x5f5f63695f6c6173745f726567656e65726174657c693a313630343439373537363b),
('1e8755932606c68c11777e14cc61d2631305a500', '180.242.180.20', 1604596436, 0x6e616d617c733a353a2241646d696e223b7374617475737c733a353a224c6f67696e223b69645f757365727c733a313a2231223b6c6576656c7c733a313a2230223b5f5f63695f6c6173745f726567656e65726174657c693a313630343539363433363b),
('1e9f94cee6a8964422b496ed385670dc259c6bdd', '45.130.231.152', 1603722417, 0x5f5f63695f6c6173745f726567656e65726174657c693a313630333732323431373b),
('1ead1b393c9226f1719a462ae0c74b07d84d1a92', '45.118.112.142', 1605032896, 0x5f5f63695f6c6173745f726567656e65726174657c693a313630353033323837353b),
('1f4491c74374de36e1530cd6a51ca0665805a8a3', '45.130.231.152', 1603722406, 0x5f5f63695f6c6173745f726567656e65726174657c693a313630333732323430363b),
('1fa77d9143d114b21a78d7f46e3a3eeb6492f508', '103.143.98.216', 1604410239, 0x5f5f63695f6c6173745f726567656e65726174657c693a313630343431303233393b),
('1fb3fd4b478c5eca721f03177f23b763633d928a', '103.143.98.248', 1604458639, 0x5f5f63695f6c6173745f726567656e65726174657c693a313630343435383537303b),
('210de65ad3847ac92e349f8de3650c2f40ed65aa', '103.143.98.149', 1605003870, 0x5f5f63695f6c6173745f726567656e65726174657c693a313630353030333837303b),
('224b7b42f82dbdc249728330d9a8da021ec3037f', '45.130.231.152', 1604596436, 0x5f5f63695f6c6173745f726567656e65726174657c693a313630343539363433363b),
('22a21cc0d861c7e5d40f41d0a7710ce4677ec648', '182.253.250.200', 1605591677, 0x5f5f63695f6c6173745f726567656e65726174657c693a313630353539313637373b),
('2399add161cb366f1f922cf3c05b2185509f482e', '45.130.231.152', 1603725188, 0x5f5f63695f6c6173745f726567656e65726174657c693a313630333732353138383b),
('23b6ec203b049da339e04233a15e9d3c6f4c8844', '45.130.231.152', 1603725188, 0x5f5f63695f6c6173745f726567656e65726174657c693a313630333732353138383b),
('23ed098b7ff75a078590b15e8d16dd4862fd2fb5', '114.5.210.28', 1605110485, 0x5f5f63695f6c6173745f726567656e65726174657c693a313630353131303332373b),
('241dab91c2af92ad605857cfcbec6f83b5d703a1', '45.118.112.142', 1605031250, 0x5f5f63695f6c6173745f726567656e65726174657c693a313630353033313235303b),
('246b8a7cff4f9d5f0a3710d98d97a409b47a9ff9', '114.79.55.104', 1604146533, 0x5f5f63695f6c6173745f726567656e65726174657c693a313630343134363533333b),
('248729e7b5b957971871c85ff108e8a5e80ce1ba', '45.130.231.152', 1605483724, 0x5f5f63695f6c6173745f726567656e65726174657c693a313630353438333732343b),
('24bacdddf934c68bd0a503d54401e06a57460d04', '45.130.231.152', 1603991159, 0x5f5f63695f6c6173745f726567656e65726174657c693a313630333939313135393b),
('2515159371d5f7f7678e6b6e5ce985ce97cc4bc3', '103.143.98.149', 1605003178, 0x5f5f63695f6c6173745f726567656e65726174657c693a313630353030333137383b),
('25157369a92ccb1019ade86033d2efd1d4a98a56', '114.122.68.189', 1606850614, 0x5f5f63695f6c6173745f726567656e65726174657c693a313630363835303631343b),
('25b425e2d7102722902bca608c1ace5fbc2dfcd9', '45.130.231.152', 1603724647, 0x5f5f63695f6c6173745f726567656e65726174657c693a313630333732343634373b),
('261169fbd307f87d66966e1069d10ccff984fc04', '45.130.231.152', 1603724414, 0x5f5f63695f6c6173745f726567656e65726174657c693a313630333732343431343b),
('26fe8cc6b95890a07554e6e5e2e3e56821f74dc2', '45.130.231.152', 1603722406, 0x5f5f63695f6c6173745f726567656e65726174657c693a313630333732323430363b),
('27682c7ced8bdbbb0009ed841345a5fd4f703fae', '114.79.55.104', 1604130051, 0x5f5f63695f6c6173745f726567656e65726174657c693a313630343133303035313b),
('277c7be6f2d553ef8ef44cf28167736fe6d0b2e8', '45.130.231.152', 1604596610, 0x5f5f63695f6c6173745f726567656e65726174657c693a313630343539363631303b),
('278c8ac505cfd9408bf3daab97d03472115bb57e', '114.124.202.127', 1606738754, 0x5f5f63695f6c6173745f726567656e65726174657c693a313630363733383735343b),
('27a1413441b23be2805957cff1e4ca458c7cf9b6', '36.79.248.204', 1606926479, 0x5f5f63695f6c6173745f726567656e65726174657c693a313630363932363437393b),
('287bcf7159e911b60fafa625e64388475efed32b', '114.79.55.223', 1604307492, 0x5f5f63695f6c6173745f726567656e65726174657c693a313630343330373230313b),
('2901332e0d206f11d71a3589a6159c56aee23353', '182.2.139.75', 1603722163, 0x5f5f63695f6c6173745f726567656e65726174657c693a313630333732323136333b),
('291c068fbd6324d2cf7946bd6c42d03695c92d44', '114.79.55.232', 1604148356, 0x5f5f63695f6c6173745f726567656e65726174657c693a313630343134383335363b),
('2968fd48f048c36e8f094ad89576f41118cee620', '114.79.55.48', 1604605774, 0x5f5f63695f6c6173745f726567656e65726174657c693a313630343630353737343b),
('29b08c52ba6474bfe3d5bf68789557b7cb3ab463', '103.143.98.248', 1604494838, 0x5f5f63695f6c6173745f726567656e65726174657c693a313630343439343833383b),
('29b44e22303f92756ac3e2067be691b68240ac11', '45.130.231.152', 1603722371, 0x5f5f63695f6c6173745f726567656e65726174657c693a313630333732323337313b),
('29e01a1d8d9d0a1deddcae9b4f3a6cb7cdacfa73', '45.130.231.152', 1604596134, 0x5f5f63695f6c6173745f726567656e65726174657c693a313630343539363133343b),
('29e294e2f49eba7e9e56e5ff328021ee8eba39f3', '45.130.231.152', 1605483724, 0x5f5f63695f6c6173745f726567656e65726174657c693a313630353438333732343b),
('2a53f7afaa003057878f764368c023cefefc4b7d', '139.193.223.152', 1604162448, 0x5f5f63695f6c6173745f726567656e65726174657c693a313630343136323434383b),
('2bd85bc8c72c7c93531133b2f206fc38d1d74d5a', '103.143.98.12', 1604565366, 0x5f5f63695f6c6173745f726567656e65726174657c693a313630343536353336363b),
('2c2f8335612783e096571d9f7f4ed03157b10f39', '45.118.112.142', 1605028974, 0x5f5f63695f6c6173745f726567656e65726174657c693a313630353032383937343b),
('2c3985a4b6e889af490d664b56481da48ba48602', '114.79.55.120', 1604569957, 0x5f5f63695f6c6173745f726567656e65726174657c693a313630343536393935373b),
('2c558bc863df0506ab771c08ee2af473c23a26ab', '45.130.231.152', 1604595474, 0x5f5f63695f6c6173745f726567656e65726174657c693a313630343539353437343b),
('2ce1d099529ed2c218ad6fd186a196dcf73726db', '180.242.180.20', 1604607623, 0x5f5f63695f6c6173745f726567656e65726174657c693a313630343630373632333b),
('2df15f0084fa0bae816110f37d7e6dfa717b3a78', '45.130.231.152', 1603725188, 0x5f5f63695f6c6173745f726567656e65726174657c693a313630333732353138383b),
('2f0cfd4d3b7f45db95dd5daed4a2be4ee9eaf4fb', '45.118.112.142', 1605021375, 0x5f5f63695f6c6173745f726567656e65726174657c693a313630353032313337353b),
('3045b987bca2cc71b2c1ef4956df121c61df2347', '45.130.231.152', 1604608402, 0x5f5f63695f6c6173745f726567656e65726174657c693a313630343630383430323b),
('3051063431f3262d968e45a9960da786047a2f08', '45.130.231.152', 1605483721, 0x5f5f63695f6c6173745f726567656e65726174657c693a313630353438333732313b),
('30d6c6d23d23f09069472b3b044f3e52d126e49c', '182.0.181.92', 1607403211, 0x5f5f63695f6c6173745f726567656e65726174657c693a313630373430333135333b),
('311f88635652f45f53fbab58fc793a52cc58efad', '114.79.55.104', 1604142507, 0x5f5f63695f6c6173745f726567656e65726174657c693a313630343134323530373b),
('320d5f5821813fc1197497dc18f1eae7a96f66fb', '114.122.68.189', 1606850105, 0x5f5f63695f6c6173745f726567656e65726174657c693a313630363835303130353b),
('32d6b555786630563d9ea5e901c3a20a8322f16c', '103.143.98.216', 1604409668, 0x5f5f63695f6c6173745f726567656e65726174657c693a313630343430393636383b),
('32df53390e36c8c290c029409ba6afca5829a734', '103.143.98.216', 1604407631, 0x5f5f63695f6c6173745f726567656e65726174657c693a313630343430373633313b),
('330f775e274ccaa4caa07d3463daaa058cfaec21', '114.79.55.120', 1604572603, 0x5f5f63695f6c6173745f726567656e65726174657c693a313630343537323630323b),
('33ad0d7a08adf3fd890f0a4ce6f54971cc66ccb5', '45.130.231.152', 1604608390, 0x5f5f63695f6c6173745f726567656e65726174657c693a313630343630383339303b),
('340bf8ad86f5c67d37866bca2eaa44165e09889c', '182.253.250.217', 1604667007, 0x5f5f63695f6c6173745f726567656e65726174657c693a313630343636373030373b),
('34185702a595719c170d4d3a1a830bcebd0c99b6', '103.143.98.149', 1605005353, 0x5f5f63695f6c6173745f726567656e65726174657c693a313630353030353335333b),
('349c60bd36b6b1edd9f1f332495dd7b641269b4c', '114.79.55.120', 1604591551, 0x5f5f63695f6c6173745f726567656e65726174657c693a313630343539313535313b),
('34c5790da546b6799db7a8652a2e40efe1fe599e', '36.79.248.204', 1606946926, 0x5f5f63695f6c6173745f726567656e65726174657c693a313630363934363932363b),
('35c12ea2b9a115d19ab7d38a0bcaa4db545c2731', '104.131.165.43', 1606861166, 0x5f5f63695f6c6173745f726567656e65726174657c693a313630363836313136363b),
('360eab6ae248bdbabacb3e487ecce52f783769a4', '114.124.130.53', 1604082501, 0x5f5f63695f6c6173745f726567656e65726174657c693a313630343038323530313b),
('362be9bf802649b42b0f56561440bcfc61796929', '45.130.231.152', 1604596610, 0x5f5f63695f6c6173745f726567656e65726174657c693a313630343539363631303b),
('366ecb55ffd43f1e1dc3ffca42ef39148ee91880', '114.79.55.232', 1604155034, 0x5f5f63695f6c6173745f726567656e65726174657c693a313630343135353033343b),
('36f6c0a0ebb0eedb8f621af294f066ccdf0ab4dc', '114.79.4.89', 1603888238, 0x5f5f63695f6c6173745f726567656e65726174657c693a313630333838383131383b),
('3713cf33fb2c019657c981ad59044e9f7ada9b27', '140.213.7.101', 1604619604, 0x5f5f63695f6c6173745f726567656e65726174657c693a313630343631393439373b),
('373a7a64d6a63c867d6c4a0f8d00b3019ddef779', '36.79.248.204', 1606944209, 0x5f5f63695f6c6173745f726567656e65726174657c693a313630363934343230393b),
('374fd53c028a0dda97abcbafb6e94d44f07cfd05', '45.130.231.152', 1604595676, 0x5f5f63695f6c6173745f726567656e65726174657c693a313630343539353637363b),
('37757a42ae6cfa61d253f1c11e4b371122a2e91b', '45.130.231.152', 1603951027, 0x5f5f63695f6c6173745f726567656e65726174657c693a313630333935313032373b),
('3807de8c8cf5027b5f987607215ad3a49965f3ae', '139.193.223.152', 1604162448, 0x5f5f63695f6c6173745f726567656e65726174657c693a313630343136323434383b),
('389d59b4d9e6510aca172a46789e060141224613', '36.84.130.129', 1604000715, 0x5f5f63695f6c6173745f726567656e65726174657c693a313630343030303635343b),
('38daa5d088e0bcc19eb3c26a80b38ee3b07cfd7c', '103.143.98.248', 1604473444, 0x5f5f63695f6c6173745f726567656e65726174657c693a313630343437333434343b),
('398a70b4af3736f02599d50cdf4d82dfd0be586d', '45.130.231.152', 1603722332, 0x5f5f63695f6c6173745f726567656e65726174657c693a313630333732323333323b),
('398fa29b7acd45dff6b24d0505a4a70d8b2522f5', '45.130.231.152', 1606311033, 0x5f5f63695f6c6173745f726567656e65726174657c693a313630363331313033333b),
('39c3bb75a78013731c19c87a120d39411281775a', '45.118.112.142', 1607611081, 0x5f5f63695f6c6173745f726567656e65726174657c693a313630373631313038313b),
('3a153826c9eb2d6e708f518e3a4ab94761cd8d1f', '114.79.55.120', 1604579166, 0x5f5f63695f6c6173745f726567656e65726174657c693a313630343537393136363b),
('3a2056c96b32c8ea46459a5ffbc1143fc715669d', '103.143.98.248', 1604469687, 0x5f5f63695f6c6173745f726567656e65726174657c693a313630343436393638373b),
('3a8d5afc8a8c57f6682cd4fc3df8869080a06046', '103.143.98.216', 1604412901, 0x5f5f63695f6c6173745f726567656e65726174657c693a313630343431323930313b),
('3abdc67d1a68b1a1f35c489e8bc502e770e684ab', '182.253.250.209', 1604992596, 0x5f5f63695f6c6173745f726567656e65726174657c693a313630343939323539363b),
('3afbdcb17bce341626f593605beceb869222a001', '103.143.98.12', 1604563566, 0x5f5f63695f6c6173745f726567656e65726174657c693a313630343536333536363b),
('3b632be2f0b8beb43eb17e3541c67a339da1f5d1', '112.215.65.114', 1604598019, 0x5f5f63695f6c6173745f726567656e65726174657c693a313630343539383031393b),
('3c41a8434fdc7ff5f7e96ce3e88eca57b9959292', '45.130.231.152', 1604608402, 0x5f5f63695f6c6173745f726567656e65726174657c693a313630343630383430323b),
('3c43o43a1nj1g1k76cko608umkrg7ka9', '::1', 1607763494, 0x6e616d617c733a31393a2252756d61682053616b69742044757374697261223b7374617475737c733a353a224c6f67696e223b69645f757365727c733a313a2232223b6c6576656c7c733a313a2231223b5f5f63695f6c6173745f726567656e65726174657c693a313630373736333439343b),
('3c637c228a98a38492b1ec2df025090f8f9cdba1', '103.143.98.216', 1604412271, 0x5f5f63695f6c6173745f726567656e65726174657c693a313630343431323237313b),
('3c6fabd1ab73a16df5b383fdabff2dccda359ddf', '114.79.2.253', 1604063036, 0x5f5f63695f6c6173745f726567656e65726174657c693a313630343036323930343b),
('3cb93034d1b723b2190e796f1590a8d084752a91', '180.252.40.63', 1604651638, 0x5f5f63695f6c6173745f726567656e65726174657c693a313630343635313532383b),
('3d10a684a2c8fa616c00566be53d8e71f2f50411', '45.130.231.152', 1603722503, 0x5f5f63695f6c6173745f726567656e65726174657c693a313630333732323530333b),
('3d13178b63ea6d6a82691186e7cebdaefa95e2c4', '112.215.65.114', 1604591675, 0x5f5f63695f6c6173745f726567656e65726174657c693a313630343539313637353b),
('3d78cc25b91b4c4ec3d57d7caa0436e1c56750d0', '103.143.98.12', 1604569541, 0x5f5f63695f6c6173745f726567656e65726174657c693a313630343536393534313b),
('3d899bc4e363a2945c4a948851faebca4a6f4625', '114.79.55.104', 1604130714, 0x5f5f63695f6c6173745f726567656e65726174657c693a313630343133303731343b),
('3dc125d08b6000d3a4f815e11a77a89e16718b7c', '45.130.231.152', 1603722058, 0x5f5f63695f6c6173745f726567656e65726174657c693a313630333732323035383b),
('3e02b6455d447ebe474ab5333ea0f6bc65f250d5', '45.130.231.152', 1603724132, 0x5f5f63695f6c6173745f726567656e65726174657c693a313630333732343133323b),
('3e1c01b220689039255950d6a1bfa1cc84261ee2', '45.130.231.152', 1604596298, 0x5f5f63695f6c6173745f726567656e65726174657c693a313630343539363239383b),
('3e7ec8df07a5d09912df5af5f571cb76db6c09bf', '45.130.231.152', 1604596437, 0x5f5f63695f6c6173745f726567656e65726174657c693a313630343539363433373b),
('3ec181e5a15024664339b6166cd84faa612eff56', '45.130.231.152', 1603722577, 0x5f5f63695f6c6173745f726567656e65726174657c693a313630333732323537373b),
('3f4b2b3700562546fbbe717d412f23716caf74c5', '45.130.231.152', 1605696856, 0x5f5f63695f6c6173745f726567656e65726174657c693a313630353639363835363b),
('3f9943c3baef3dc8d8c136bfa235d1d18f8e9293', '45.130.231.152', 1604608412, 0x5f5f63695f6c6173745f726567656e65726174657c693a313630343630383431323b),
('3fb1767dc1a12b2ed3da480fac20f7d43d89be83', '45.118.112.142', 1605022888, 0x5f5f63695f6c6173745f726567656e65726174657c693a313630353032323838383b),
('3fd3f2839e58a6a6a678751233812f39a8abd515', '45.130.231.152', 1603724825, 0x5f5f63695f6c6173745f726567656e65726174657c693a313630333732343832353b),
('403ac94201617a9602295b4f5e60630073a7f4cd', '125.160.227.25', 1607152395, 0x5f5f63695f6c6173745f726567656e65726174657c693a313630373135323339353b),
('404298d4357bcacb02d7f5798aca905adf737a47', '45.130.231.152', 1603724547, 0x5f5f63695f6c6173745f726567656e65726174657c693a313630333732343534373b),
('4073a23c75a92fb7672a3d98fdd261dc0c0c50f7', '114.79.55.104', 1604132569, 0x5f5f63695f6c6173745f726567656e65726174657c693a313630343133323536393b),
('40b1e92e08ed6aa37724a1404247ed7deba27290', '45.130.231.152', 1604608412, 0x5f5f63695f6c6173745f726567656e65726174657c693a313630343630383431323b),
('40f3f30d7f0985fde07ee099528f30713889c6a2', '180.252.40.63', 1604691726, 0x5f5f63695f6c6173745f726567656e65726174657c693a313630343639313731343b),
('4108a49ab6eb551fc07ff0ee253e6aafcebd749f', '45.130.231.152', 1603722380, 0x5f5f63695f6c6173745f726567656e65726174657c693a313630333732323338303b),
('41dd83f1e5242da38c6d68b3b4051926967197e3', '45.130.231.152', 1604596288, 0x5f5f63695f6c6173745f726567656e65726174657c693a313630343539363238383b),
('4200e6c38ae84aed05175ff23e3bba6116c4ecc5', '114.79.55.223', 1604326713, 0x5f5f63695f6c6173745f726567656e65726174657c693a313630343332363730313b),
('42707d28ae145369e07327709e8535360bae32b8', '119.161.100.174', 1603991249, 0x5f5f63695f6c6173745f726567656e65726174657c693a313630333939313234393b),
('44260c92fec3247690e3219d78be4d27dd81961e', '36.79.248.204', 1606875239, 0x5f5f63695f6c6173745f726567656e65726174657c693a313630363837353233393b),
('4470f70ea0d07416e201419d3b14fe9721dc596d', '45.130.231.152', 1603722414, 0x5f5f63695f6c6173745f726567656e65726174657c693a313630333732323431343b),
('449c145c6a761a18385f7529005e5d7fc6bfe43a', '45.130.231.152', 1606311033, 0x5f5f63695f6c6173745f726567656e65726174657c693a313630363331313033333b),
('45097fc312d8db14ec544f1bc2c193b8cd22228d', '114.79.55.232', 1604147072, 0x5f5f63695f6c6173745f726567656e65726174657c693a313630343134373037323b),
('46bkotck3srjlfgt2ppnb56hm39066j0', '::1', 1607704347, 0x6e616d617c733a31393a2252756d61682053616b69742044757374697261223b7374617475737c733a353a224c6f67696e223b69645f757365727c733a313a2232223b6c6576656c7c733a313a2231223b5f5f63695f6c6173745f726567656e65726174657c693a313630373730343334363b),
('46f87dbb7a44b1bd4f076b8437f48c884e334833', '125.160.228.141', 1605026947, 0x5f5f63695f6c6173745f726567656e65726174657c693a313630353032363931363b),
('470d7e3d9462216f323af4c428372a810ef7b527', '45.130.231.152', 1603724486, 0x5f5f63695f6c6173745f726567656e65726174657c693a313630333732343438363b),
('4738c972c7bf62a4da49c5a318733f15d19e835e', '180.242.180.20', 1604596821, 0x6e616d617c733a353a2241646d696e223b7374617475737c733a353a224c6f67696e223b69645f757365727c733a313a2231223b6c6576656c7c733a313a2230223b5f5f63695f6c6173745f726567656e65726174657c693a313630343539363832313b),
('47689e20fd05aad2772ab68320d2f7f00f2b5b6e', '114.79.55.104', 1604143334, 0x5f5f63695f6c6173745f726567656e65726174657c693a313630343134333333333b),
('476c289851bb2b08ffc4234f303385d0b2a3845d', '45.130.231.152', 1603722389, 0x5f5f63695f6c6173745f726567656e65726174657c693a313630333732323338393b),
('479a791f776bc2d05e11589c68ce4044b851ddb5', '114.124.138.203', 1603725149, 0x5f5f63695f6c6173745f726567656e65726174657c693a313630333732353035343b),
('47db7487b75ba710270a092f178b3716a6e316cb', '45.130.231.152', 1604596066, 0x5f5f63695f6c6173745f726567656e65726174657c693a313630343539363036363b),
('489f89b11e6693a4246d1c5af938af1e9ffb4e46', '103.143.98.216', 1604419208, 0x5f5f63695f6c6173745f726567656e65726174657c693a313630343431393230383b),
('48bdc67b024a03a1842f746cd7a4fcd79a80e192', '180.252.40.63', 1604651528, 0x5f5f63695f6c6173745f726567656e65726174657c693a313630343635313532383b),
('48c88386e6bd1b2144209e2f06e81c19767f0a45', '45.130.231.152', 1603722380, 0x5f5f63695f6c6173745f726567656e65726174657c693a313630333732323338303b),
('4a01b1c133ccacb4dab9f851b52584b9a742083e', '36.79.249.139', 1606469217, 0x5f5f63695f6c6173745f726567656e65726174657c693a313630363436393231373b),
('4a1e5866e14547b12281dd8b5c48b19c258d7af3', '45.118.112.142', 1605022901, 0x5f5f63695f6c6173745f726567656e65726174657c693a313630353032323838383b),
('4a2fd9c0e09e925ad3dbde0ee9a32a1a5e895ff5', '45.130.231.152', 1603951027, 0x5f5f63695f6c6173745f726567656e65726174657c693a313630333935313032373b),
('4a814d79b3acb498192b4137a33c352b3615bd3e', '103.143.98.12', 1604563753, 0x5f5f63695f6c6173745f726567656e65726174657c693a313630343536333437353b),
('4ae49ebd5b0f9794850519da105970b144f6c60a', '45.130.231.152', 1603724563, 0x5f5f63695f6c6173745f726567656e65726174657c693a313630333732343536333b),
('4bb173bca6cc1109df48f14b9415de85e9b2f8fb', '180.242.180.20', 1604608887, 0x5f5f63695f6c6173745f726567656e65726174657c693a313630343630383838373b),
('4d3c1043e0444f5cb9e104671f9a9b22f5b5382b', '114.79.55.223', 1604324192, 0x5f5f63695f6c6173745f726567656e65726174657c693a313630343332343035333b),
('4d5680197e2bd25e4eac44deebe6738b66e27c27', '103.143.98.149', 1605012591, 0x5f5f63695f6c6173745f726567656e65726174657c693a313630353031323539313b),
('4db43d975a59ce1ac491f7a21d2fa3b6e045c19f', '36.79.248.204', 1606924601, 0x5f5f63695f6c6173745f726567656e65726174657c693a313630363932343630313b),
('4df5d65674a88279e6b50e4f7e95442d97c7e579', '45.130.231.152', 1603723991, 0x5f5f63695f6c6173745f726567656e65726174657c693a313630333732333939313b),
('4ec1cdb913c1ec6947dc87f1c83396030c8c57f6', '36.79.248.204', 1606861776, 0x5f5f63695f6c6173745f726567656e65726174657c693a313630363836313737363b),
('4f1c7ac6e22d2d5850f0418fe02060cf8d6e859c', '45.118.112.142', 1607611415, 0x5f5f63695f6c6173745f726567656e65726174657c693a313630373631313431353b),
('4q1ureqpe56ra90201ac3k583ntab7j9', '::1', 1607770048, 0x6e616d617c733a31393a2252756d61682053616b69742044757374697261223b7374617475737c733a353a224c6f67696e223b69645f757365727c733a313a2232223b6c6576656c7c733a313a2231223b5f5f63695f6c6173745f726567656e65726174657c693a313630373737303034383b),
('5007bdc1b57d15c86ac8eb6bce45ad97e004066e', '45.130.231.152', 1604608382, 0x5f5f63695f6c6173745f726567656e65726174657c693a313630343630383338323b),
('5014661d2e6a6652a652ab7b4bfdadcb50b35339', '134.209.174.207', 1604706984, 0x5f5f63695f6c6173745f726567656e65726174657c693a313630343730363938343b),
('50ba2d4fe25956aff38374b4108f093877640d1f', '103.143.98.248', 1604469221, 0x5f5f63695f6c6173745f726567656e65726174657c693a313630343436393232313b),
('50d08c4632c37d20633fd3db0344b1468cd71036', '45.130.231.152', 1603722109, 0x5f5f63695f6c6173745f726567656e65726174657c693a313630333732323130393b),
('5129f0a3000f2326ae52c5c7b5ec90bd53be7219', '45.118.112.142', 1605018084, 0x5f5f63695f6c6173745f726567656e65726174657c693a313630353031383038343b),
('516add5e5df5a0f9e74b1b9da1e5dceb109410aa', '114.124.210.241', 1604430775, 0x5f5f63695f6c6173745f726567656e65726174657c693a313630343433303737353b),
('51nbtur1dvnvmf7qkitmav0rs3l7hp98', '::1', 1607617991, 0x6e616d617c733a31393a2252756d61682053616b69742044757374697261223b7374617475737c733a353a224c6f67696e223b69645f757365727c733a313a2232223b6c6576656c7c733a313a2231223b),
('52da34cbf8125a0825499cbde83a79c00b9bef34', '45.118.112.142', 1607611522, 0x5f5f63695f6c6173745f726567656e65726174657c693a313630373631313532323b),
('52f76548d8254fad8a8d7acc90b81ca01a5badea', '114.79.55.173', 1604388993, 0x5f5f63695f6c6173745f726567656e65726174657c693a313630343338383937373b),
('53f3b904a782d5bcde81a97759b769ca2ab24a4f', '114.122.100.94', 1604064802, 0x5f5f63695f6c6173745f726567656e65726174657c693a313630343036343830323b),
('540d32b5397761548cb697cee4a482c3fbf55eaf', '119.161.100.174', 1604083180, 0x5f5f63695f6c6173745f726567656e65726174657c693a313630343038333138303b),
('5411a9263cbe37e83a8bc7626628fad774bf806a', '114.79.55.223', 1604326701, 0x5f5f63695f6c6173745f726567656e65726174657c693a313630343332363730313b),
('54b2bf738bc63f162f3229764c59a0dd5c8b42aa', '114.79.55.173', 1604388977, 0x5f5f63695f6c6173745f726567656e65726174657c693a313630343338383937373b),
('55087a73755b50232b3c1b7e62dd1194bdcac257', '103.143.98.248', 1604493322, 0x5f5f63695f6c6173745f726567656e65726174657c693a313630343439333332323b),
('5577e964ef248722ff0046e138df728261c73462', '36.70.9.251', 1606844259, 0x5f5f63695f6c6173745f726567656e65726174657c693a313630363834343235393b),
('55dcbf6cb1598737509a10c63f31a60a57b2140c', '36.79.248.204', 1606861776, 0x5f5f63695f6c6173745f726567656e65726174657c693a313630363836313737363b),
('563db1119b0add556466303d38a3f467a41590e4', '103.143.98.216', 1604410647, 0x5f5f63695f6c6173745f726567656e65726174657c693a313630343431303634373b),
('566c93ad65323ae0c4d88046c72afeb778cd5ee9', '45.130.231.152', 1603724647, 0x5f5f63695f6c6173745f726567656e65726174657c693a313630333732343634373b),
('570b8afb6f33397307c115bae8438afc24b65fe6', '45.130.231.152', 1604596134, 0x5f5f63695f6c6173745f726567656e65726174657c693a313630343539363133343b),
('5791608096155dc1942b10c4b8df34717d01d0bf', '45.130.231.152', 1603724132, 0x5f5f63695f6c6173745f726567656e65726174657c693a313630333732343133323b),
('57ffeed4c90ade3cf80214184074bf8f3d06789f', '182.2.139.75', 1603721852, 0x5f5f63695f6c6173745f726567656e65726174657c693a313630333732313835323b),
('580f6de99740c283cae0d597da3d5c5375d6017b', '45.130.231.152', 1603722462, 0x5f5f63695f6c6173745f726567656e65726174657c693a313630333732323436323b),
('58204e46eb819dec889f6b407542ed25490cf5b9', '45.130.231.152', 1604596066, 0x5f5f63695f6c6173745f726567656e65726174657c693a313630343539363036363b),
('586e427508736bd4e40817c981f05498caff2f0c', '103.143.98.216', 1604402721, 0x5f5f63695f6c6173745f726567656e65726174657c693a313630343430323732313b),
('588756a1ad1e34152d6682e14a1a9e018719add9', '45.130.231.152', 1603722389, 0x5f5f63695f6c6173745f726567656e65726174657c693a313630333732323338393b),
('589916a4448f527dd85a721b883fc91c7a87d890', '114.79.55.120', 1604586690, 0x5f5f63695f6c6173745f726567656e65726174657c693a313630343538363639303b),
('589c97b720d9b6ec86d8291ca02f46f57df88bee', '45.130.231.152', 1606311033, 0x5f5f63695f6c6173745f726567656e65726174657c693a313630363331313033333b),
('59665f3dfa9ff3caeccdd7c40e2344751b9f20cb', '45.118.112.142', 1605013074, 0x5f5f63695f6c6173745f726567656e65726174657c693a313630353031333037343b),
('598049285b0755e37c8f8534e966f6824460e3eb', '45.130.231.152', 1603724723, 0x5f5f63695f6c6173745f726567656e65726174657c693a313630333732343732333b),
('59a1a5840f024ef674991cda2164cea8e72331bb', '45.130.231.152', 1604596610, 0x5f5f63695f6c6173745f726567656e65726174657c693a313630343539363631303b),
('59dd4cde85ef076ce02770e9bb9e45f0f5f7fa8e', '103.143.98.211', 1603717572, 0x5f5f63695f6c6173745f726567656e65726174657c693a313630333731373531323b),
('5a115a209bba2f3e84e896c96e59bf07feb5dee0', '114.79.55.120', 1604572017, 0x5f5f63695f6c6173745f726567656e65726174657c693a313630343537323031373b),
('5a6c1e79bbf2b2f1a57b1620b6c934ade70da488', '125.160.227.25', 1607152395, 0x5f5f63695f6c6173745f726567656e65726174657c693a313630373135323339353b),
('5b16ae821857df74f27d0ab445b83a3f75174e2b', '103.143.98.12', 1604565757, 0x5f5f63695f6c6173745f726567656e65726174657c693a313630343536353735373b),
('5b5f49d4a33f1095031c707be044773c89ff208c', '112.215.65.123', 1604587279, 0x5f5f63695f6c6173745f726567656e65726174657c693a313630343538373237393b),
('5bbb99bd9bb2af54608cea9ff04e458c1bd2d25e', '45.130.231.152', 1603725188, 0x5f5f63695f6c6173745f726567656e65726174657c693a313630333732353138383b),
('5c70169f8a5e270a7d76a663b0508eba13108ace', '45.118.112.142', 1607611255, 0x5f5f63695f6c6173745f726567656e65726174657c693a313630373631313235353b),
('5da4251f68a7fd00cd8ac4cdb9164bf221b627a3', '119.161.100.174', 1604084999, 0x5f5f63695f6c6173745f726567656e65726174657c693a313630343038343939393b),
('5dfc1476d6c0815c9ecf4d88a92f1b0f046fad93', '114.79.55.48', 1604603705, 0x5f5f63695f6c6173745f726567656e65726174657c693a313630343630333730353b),
('5e3162cbd3c1e7afb2a2e698a9096a791237aa73', '103.143.98.248', 1604472776, 0x5f5f63695f6c6173745f726567656e65726174657c693a313630343437323737363b),
('5eda5b942f191a7d8aecb5d0d892b00b05e194f6', '36.79.248.204', 1606862291, 0x5f5f63695f6c6173745f726567656e65726174657c693a313630363836323239313b),
('5ee6d7aacb63746fb652c2a4ec769ede312a21b7', '45.130.231.152', 1604595474, 0x5f5f63695f6c6173745f726567656e65726174657c693a313630343539353437343b),
('5ee8fb2888ec398933ec08044b3e272939818daa', '36.79.248.204', 1606947324, 0x5f5f63695f6c6173745f726567656e65726174657c693a313630363934373332343b),
('5ef5dd5f227ca5edda83be0acfece2fd9c7266c9', '103.143.98.248', 1604474278, 0x5f5f63695f6c6173745f726567656e65726174657c693a313630343437343237383b),
('5f80bea51efdacfa35bb08f710271b5f78ccecae', '104.198.189.67', 1605515262, 0x5f5f63695f6c6173745f726567656e65726174657c693a313630353531353236323b),
('5h1d63u6fhhk4ti1bfdou2i95rd5fb7m', '127.0.0.1', 1607621700, 0x6e616d617c733a353a2241646d696e223b7374617475737c733a353a224c6f67696e223b69645f757365727c733a313a2231223b6c6576656c7c733a313a2230223b5f5f63695f6c6173745f726567656e65726174657c693a313630373632313538383b),
('616a6bb1a1f337b6fe1fce8249762add4601a965', '115.178.195.165', 1607386288, 0x5f5f63695f6c6173745f726567656e65726174657c693a313630373338363238383b),
('61f9354f258abb542e877ad2b7c82e077d937b03', '45.118.112.142', 1604168911, 0x5f5f63695f6c6173745f726567656e65726174657c693a313630343136383931313b),
('63bokl7p4nacpq7i149ljohvnrhk0b0k', '::1', 1607645241, 0x6e616d617c733a31393a2252756d61682053616b69742044757374697261223b7374617475737c733a353a224c6f67696e223b69645f757365727c733a313a2232223b6c6576656c7c733a313a2231223b),
('640a7864e2c681b85bd772622e3747e3bc34e752', '180.242.180.20', 1604591311, 0x5f5f63695f6c6173745f726567656e65726174657c693a313630343539313331313b),
('6438182c523c3a419e6cc94042dd54b1b77d81a2', '45.130.231.152', 1604608408, 0x5f5f63695f6c6173745f726567656e65726174657c693a313630343630383430383b),
('6577770e265db5dbb8a319e97c6bffd92c1c3ae9', '120.188.95.68', 1604832067, 0x5f5f63695f6c6173745f726567656e65726174657c693a313630343833323036373b),
('658929790566bc46735c8fef1c31b6409710f98b', '114.124.235.23', 1605093566, 0x5f5f63695f6c6173745f726567656e65726174657c693a313630353039333238343b),
('6619286788f81792ea55fbd5c8956f61b0f53839', '180.242.180.95', 1605565348, 0x5f5f63695f6c6173745f726567656e65726174657c693a313630353536353334383b),
('663d4cdc0ed7762204144a4d92045fede83554e4', '114.5.210.28', 1605110327, 0x5f5f63695f6c6173745f726567656e65726174657c693a313630353131303332373b),
('66613f1a970aa8efc813bce2d2ac7b41efd45634', '45.130.231.152', 1604596559, 0x5f5f63695f6c6173745f726567656e65726174657c693a313630343539363535393b),
('66da81258cf80c91e7beeb6dc3f4a80252f0e05e', '112.215.170.128', 1605067337, 0x5f5f63695f6c6173745f726567656e65726174657c693a313630353036373333373b),
('6741bd5489673f574a4a648ab3f60e4a43508d48', '45.130.231.152', 1604596562, 0x5f5f63695f6c6173745f726567656e65726174657c693a313630343539363536323b),
('67ffc187afdfacd67594cf193d78907af25e499d', '103.143.98.12', 1604562749, 0x5f5f63695f6c6173745f726567656e65726174657c693a313630343536323734393b),
('68c71f00e6add2dd50408cce23f13c6d0df7e61c', '119.161.100.174', 1604083652, 0x5f5f63695f6c6173745f726567656e65726174657c693a313630343038333635323b),
('6995d19443c41162a920d82d000f13088f5c584a', '103.143.98.216', 1604413504, 0x5f5f63695f6c6173745f726567656e65726174657c693a313630343431333530343b),
('6a6febea977986af14cba032f3c26b09a619636a', '114.124.144.23', 1605368700, 0x5f5f63695f6c6173745f726567656e65726174657c693a313630353336383730303b),
('6a7590b9fc6d3bb30b5b3952051d559cc1710a81', '45.130.231.152', 1603725188, 0x5f5f63695f6c6173745f726567656e65726174657c693a313630333732353138383b),
('6a7f55b663b1e2e6ef3282a6507e2fd99aaa5e64', '103.143.98.216', 1604414057, 0x5f5f63695f6c6173745f726567656e65726174657c693a313630343431333933323b),
('6af903cb7ca18203ea7272912a1f043302854b1c', '103.143.98.12', 1604561877, 0x5f5f63695f6c6173745f726567656e65726174657c693a313630343536313837373b),
('6b1d4232ac2344af9409670a80553ff12bfaa969', '45.130.231.152', 1604608387, 0x5f5f63695f6c6173745f726567656e65726174657c693a313630343630383338373b),
('6b5c0136b0d2593964f9c2db0b0030a4cceec681', '104.131.99.180', 1604164053, 0x5f5f63695f6c6173745f726567656e65726174657c693a313630343136343035333b),
('6bb31b73774e7adc0e5c1f411802cb4714f5798d', '114.79.55.104', 1604145264, 0x5f5f63695f6c6173745f726567656e65726174657c693a313630343134353236343b),
('6bb6e0189f2760804c3783175e3ec23a4b05b2a1', '114.124.235.23', 1605091585, 0x5f5f63695f6c6173745f726567656e65726174657c693a313630353039313538353b),
('6bf819100a5f33bb5afd6a9783898763dd74690a', '103.143.98.248', 1604488997, 0x5f5f63695f6c6173745f726567656e65726174657c693a313630343438383939373b),
('6d506cae08fa23fb9cac258e69bbfb2140d5def9', '180.242.180.20', 1604594839, 0x5f5f63695f6c6173745f726567656e65726174657c693a313630343539343833393b),
('6d8e8f7b36d84fffdf20f4977f0573551fe9513a', '45.130.231.152', 1604595676, 0x5f5f63695f6c6173745f726567656e65726174657c693a313630343539353637363b),
('6dc17610e4ec006afa34b641f4609a69b4e8326d', '45.130.231.152', 1603725171, 0x5f5f63695f6c6173745f726567656e65726174657c693a313630333732353137313b),
('6e3393d8d30aedd0e629260a378d7a5da672e445', '180.242.180.20', 1604596838, 0x5f5f63695f6c6173745f726567656e65726174657c693a313630343539363833383b),
('6e3f3f72416faca41de8fc9a3647ec100ce255df', '45.130.231.152', 1603725188, 0x5f5f63695f6c6173745f726567656e65726174657c693a313630333732353138383b),
('6e578c865a80323f935ae8d1784b072c6f59bfb9', '180.242.180.20', 1604587511, 0x5f5f63695f6c6173745f726567656e65726174657c693a313630343538373531313b),
('6efa80c17b4e1f7576a8ff2d12ce6dcbbb9dda06', '45.130.231.152', 1603724487, 0x5f5f63695f6c6173745f726567656e65726174657c693a313630333732343438373b),
('6f2f35229efea5f2670ea1bfa9d9e9ddb3415400', '36.79.248.204', 1606868569, 0x5f5f63695f6c6173745f726567656e65726174657c693a313630363836383536393b),
('6he0a4f2t0lhc22fug65rrkpk94909o6', '::1', 1607761062, 0x6e616d617c733a31393a2252756d61682053616b69742044757374697261223b7374617475737c733a353a224c6f67696e223b69645f757365727c733a313a2232223b6c6576656c7c733a313a2231223b5f5f63695f6c6173745f726567656e65726174657c693a313630373736313036323b),
('7077cffad28434c32adbc3ea4f0adc04ef1e34d3', '103.143.98.248', 1604470718, 0x5f5f63695f6c6173745f726567656e65726174657c693a313630343437303731383b),
('707c86d237bcd01d3ff3b3357335e6dd55a61142', '45.118.112.142', 1605030583, 0x5f5f63695f6c6173745f726567656e65726174657c693a313630353033303538333b),
('70d8aba4e85e97570973c274c7a782f465266856', '139.155.30.159', 1607521521, 0x5f5f63695f6c6173745f726567656e65726174657c693a313630373532313532313b),
('70e2c2c0d5b0a6c1769197948415ce557fe27311', '45.130.231.152', 1604596508, 0x5f5f63695f6c6173745f726567656e65726174657c693a313630343539363530383b),
('712efa58e49fd6e5d041d3a7ae590651e5dd4cb7', '112.215.253.122', 1604831776, 0x5f5f63695f6c6173745f726567656e65726174657c693a313630343833313737363b),
('719701afe20d3cbeac7ada1439827f4b0b1d019c', '114.122.68.189', 1606849697, 0x5f5f63695f6c6173745f726567656e65726174657c693a313630363834393639373b),
('71a144dfdc31c6b2aae882c5383ecbb12f6e1252', '45.130.231.152', 1604596508, 0x5f5f63695f6c6173745f726567656e65726174657c693a313630343539363530383b),
('72435cb22dd3abc34d56095ab34eb5368074049f', '45.130.231.152', 1604596562, 0x5f5f63695f6c6173745f726567656e65726174657c693a313630343539363536323b),
('726ec0af7dcb8ef0bebc1f13c4be426197deaf57', '36.79.248.204', 1606941459, 0x5f5f63695f6c6173745f726567656e65726174657c693a313630363934313435393b),
('72f2b9b0fc2ae33f3d61f184a5e263793740489b', '45.130.231.152', 1605696858, 0x5f5f63695f6c6173745f726567656e65726174657c693a313630353639363835383b),
('733b6c6060e09350038141a2536cb6ca04b5f30d', '45.130.231.152', 1604596528, 0x5f5f63695f6c6173745f726567656e65726174657c693a313630343539363532383b),
('739be548d18f56846b5a89cfc89d5bc9a03f9f9a', '36.79.248.204', 1606880687, 0x5f5f63695f6c6173745f726567656e65726174657c693a313630363838303638373b),
('74077d8b9819c1de219d8b9fe328a3bb7642effb', '45.130.231.152', 1603722406, 0x5f5f63695f6c6173745f726567656e65726174657c693a313630333732323430363b),
('74919d917e7a641368d4b5775b1d8d9973dc876a', '45.130.231.152', 1604608387, 0x5f5f63695f6c6173745f726567656e65726174657c693a313630343630383338373b),
('75a27f3a013c5c14bc1c16e346ff7205599d3a48', '114.79.55.104', 1604131028, 0x5f5f63695f6c6173745f726567656e65726174657c693a313630343133313032383b),
('75b28548973018a6fade89de11790730ae09e569', '36.79.249.139', 1606469217, 0x5f5f63695f6c6173745f726567656e65726174657c693a313630363436393231373b),
('75c4fe5037dafb229e285004b08a44554a1bbfda', '114.122.68.189', 1606851751, 0x5f5f63695f6c6173745f726567656e65726174657c693a313630363835313735303b),
('763371c268e50715700699690c2c3778e20c32eb', '114.122.107.134', 1606736427, 0x5f5f63695f6c6173745f726567656e65726174657c693a313630363733363432373b),
('7636c90b0eb128d4005e1df32e75e704f06d754f', '36.79.248.204', 1606864568, 0x5f5f63695f6c6173745f726567656e65726174657c693a313630363836343536383b),
('76a96c5e58a9635253f9755826d4f941f91d1ba0', '182.2.139.75', 1603725163, 0x6e616d617c733a31363a2250757361742050656d6572696e746168223b7374617475737c733a353a224c6f67696e223b69645f757365727c733a323a223230223b6c6576656c7c733a313a2232223b5f5f63695f6c6173745f726567656e65726174657c693a313630333732353136333b),
('76f2fd702b78f40acbed1920bb39ea5fcbf261d0', '45.130.231.152', 1603722406, 0x5f5f63695f6c6173745f726567656e65726174657c693a313630333732323430363b),
('775375c6e554040eb3c00d046ea1451470b7f3b8', '45.130.231.152', 1603722389, 0x5f5f63695f6c6173745f726567656e65726174657c693a313630333732323338393b),
('77a278d2b7229c5225dfe0a7a9a010d491a7a974', '45.130.231.152', 1603722462, 0x5f5f63695f6c6173745f726567656e65726174657c693a313630333732323436323b),
('77ef2c7f6602732ff1e5f2cb430f3d2ca95ceb7a', '45.118.112.142', 1607611194, 0x5f5f63695f6c6173745f726567656e65726174657c693a313630373631313139343b),
('77fc84241d4257c8b1be25f6e390e4a281e9337a', '45.130.231.152', 1603722406, 0x5f5f63695f6c6173745f726567656e65726174657c693a313630333732323430363b),
('7806e508451d0765765ccbe09704637de6f24adf', '45.130.231.152', 1604608412, 0x5f5f63695f6c6173745f726567656e65726174657c693a313630343630383431323b),
('782f45e50c3dda5beb737ed2f1bf759b89b66c42', '45.130.231.152', 1603724590, 0x5f5f63695f6c6173745f726567656e65726174657c693a313630333732343539303b),
('785ecc6410487e5ff0bde3a71b311d7934bae545', '114.124.148.96', 1607181283, 0x5f5f63695f6c6173745f726567656e65726174657c693a313630373138313238333b),
('7885de59bd5965c9bd857e1ea2f28f3faf4fcaec', '114.79.55.104', 1604135439, 0x5f5f63695f6c6173745f726567656e65726174657c693a313630343133353433393b),
('78e942fe1beed81d9fe2f9bf5b1d4953340ceeb2', '120.188.64.141', 1604067984, 0x5f5f63695f6c6173745f726567656e65726174657c693a313630343036373938343b),
('79082ab84bd72d9005f9b6bde656f6cc2a9f79bd', '114.79.55.48', 1604602161, 0x5f5f63695f6c6173745f726567656e65726174657c693a313630343630323136313b),
('79e85e5b6b448b756c1e7737d015e3ea37c48a6f', '120.188.64.141', 1604069553, 0x5f5f63695f6c6173745f726567656e65726174657c693a313630343036393535333b),
('7a71c63ea7af6d021733eb688649a731afd25b8e', '103.143.98.248', 1604506960, 0x5f5f63695f6c6173745f726567656e65726174657c693a313630343530363936303b),
('7a8a9373d48a1a7a0bb8fd5cd8a7a0c21108fd09', '45.130.231.152', 1604596353, 0x5f5f63695f6c6173745f726567656e65726174657c693a313630343539363335333b),
('7aa116d1f29e65c075468387895dd8896f11c67b', '45.130.231.152', 1603724563, 0x5f5f63695f6c6173745f726567656e65726174657c693a313630333732343536333b),
('7b8c15c6dbc808bc55366551814f3ff758a87603', '45.130.231.152', 1604595474, 0x5f5f63695f6c6173745f726567656e65726174657c693a313630343539353437343b),
('7cc0cedc53de4192b44c4ec6b0270148c681b55c', '45.130.231.152', 1603722389, 0x5f5f63695f6c6173745f726567656e65726174657c693a313630333732323338393b),
('7cca1b80e24e34cde4ea6ebdd1979f4bc5031aa2', '45.130.231.152', 1603725216, 0x5f5f63695f6c6173745f726567656e65726174657c693a313630333732353231363b),
('7d30fe77e50ba8ceec1cdba26d99cac979ef22f6', '114.79.55.148', 1604598392, 0x5f5f63695f6c6173745f726567656e65726174657c693a313630343539383339323b),
('7de845f25c94882ff404a53e050976516c53e2e4', '180.242.180.20', 1604591676, 0x5f5f63695f6c6173745f726567656e65726174657c693a313630343539313637363b),
('7edf6b659a3282b9300cad9249a866edd8076cd6', '45.130.231.152', 1603722406, 0x5f5f63695f6c6173745f726567656e65726174657c693a313630333732323430363b),
('7eeadece88e5325ce64d8b6281182a6af2a24eec', '45.130.231.152', 1604596345, 0x5f5f63695f6c6173745f726567656e65726174657c693a313630343539363334353b),
('7f6f9e43ae2517195a32c1991efa9ca9328d1504', '45.118.112.142', 1604167863, 0x5f5f63695f6c6173745f726567656e65726174657c693a313630343136373836333b),
('7f89f8dc571bb41f009619d8c43dfe1f3f0038b5', '140.213.0.244', 1604504918, 0x5f5f63695f6c6173745f726567656e65726174657c693a313630343530343931383b),
('7f99464fdaac4e359492bc43a56cbfd231950b86', '45.130.231.152', 1604608379, 0x5f5f63695f6c6173745f726567656e65726174657c693a313630343630383337393b),
('7fcce8d39bed447dbfe5a39252fa467130dcafc6', '36.79.248.204', 1606865042, 0x5f5f63695f6c6173745f726567656e65726174657c693a313630363836353034323b),
('7gnplt1a855q1qnbods4t4qt1r4r5enp', '::1', 1607777081, 0x6e616d617c733a31393a2252756d61682053616b69742044757374697261223b7374617475737c733a353a224c6f67696e223b69645f757365727c733a313a2232223b6c6576656c7c733a313a2231223b5f5f63695f6c6173745f726567656e65726174657c693a313630373737373038313b),
('801e05e96e348272efb17afb44fd6292b2ea9ba9', '114.79.55.120', 1604579882, 0x5f5f63695f6c6173745f726567656e65726174657c693a313630343537393838323b),
('8087e43d676a278a47d9ec42967625ac4213f09d', '45.130.231.152', 1604596345, 0x5f5f63695f6c6173745f726567656e65726174657c693a313630343539363334353b),
('80a0293d395794a15b0b332f85a2bf4f6271f4dd', '45.130.231.152', 1603723722, 0x5f5f63695f6c6173745f726567656e65726174657c693a313630333732333732323b);
INSERT INTO `ci_sessions` (`id`, `ip_address`, `timestamp`, `data`) VALUES
('80bc037e58803ecf78edd8d51bddb2631d80945e', '36.79.248.204', 1606883668, 0x5f5f63695f6c6173745f726567656e65726174657c693a313630363838333636383b),
('80bcd9d1e5ab336c8fb4d7f60f90e7b88fc78f0b', '45.130.231.152', 1603722371, 0x5f5f63695f6c6173745f726567656e65726174657c693a313630333732323337313b),
('80c98ce8badbd2b02c5fcbd1492e96928177691d', '202.80.212.207', 1604981031, 0x5f5f63695f6c6173745f726567656e65726174657c693a313630343938313033313b),
('80ca0b59768635e81a4764905d75c3baea0bbf32', '114.124.148.96', 1607181283, 0x5f5f63695f6c6173745f726567656e65726174657c693a313630373138313238333b),
('80df1c05e45b27594da0311190d5257c4d2bdb1a', '45.130.231.152', 1603725292, 0x5f5f63695f6c6173745f726567656e65726174657c693a313630333732353239323b),
('80f3e43985e2c08153c493e9cf526f93790f35ca', '36.79.248.204', 1606941539, 0x5f5f63695f6c6173745f726567656e65726174657c693a313630363934313435393b),
('813aaaf0774536565f20a79358705f56cf119ecf', '114.5.217.87', 1604420335, 0x5f5f63695f6c6173745f726567656e65726174657c693a313630343432303333353b),
('8167d8c02377001afcf45ca3c9c1b7afa8e85416', '45.118.112.142', 1607611417, 0x5f5f63695f6c6173745f726567656e65726174657c693a313630373631313431373b),
('81840d0dc05a41f5db51b1b9115bcf58ae258d71', '114.79.55.120', 1604571016, 0x5f5f63695f6c6173745f726567656e65726174657c693a313630343537313031363b),
('81c31af2575935769757cf8df5d9a8a7683949ef', '45.130.231.152', 1603724562, 0x5f5f63695f6c6173745f726567656e65726174657c693a313630333732343536323b),
('81db821e3461ccffd7de78495629c4ba82d22363', '114.79.55.223', 1604300383, 0x5f5f63695f6c6173745f726567656e65726174657c693a313630343330303338333b),
('82a6b4c53e0369b0570463abe17ad977bde8a4f0', '45.130.231.152', 1604596570, 0x5f5f63695f6c6173745f726567656e65726174657c693a313630343539363537303b),
('82b0a6efc168204de5c97c42323aa5fe65e76bf7', '45.130.231.152', 1604608387, 0x5f5f63695f6c6173745f726567656e65726174657c693a313630343630383338373b),
('82c56603564169fd9a38b12d1b5f4f353b8e5e34', '45.130.231.152', 1603724622, 0x5f5f63695f6c6173745f726567656e65726174657c693a313630333732343632323b),
('833a21ab2428ca37a11e97094e3886fde2c39e9e', '45.118.112.142', 1604063114, 0x5f5f63695f6c6173745f726567656e65726174657c693a313630343036323839393b),
('8353abb846490dfad0da182390865117b590b719', '45.118.112.142', 1604163283, 0x5f5f63695f6c6173745f726567656e65726174657c693a313630343136333238333b),
('8389d2b8db8f3b61318d552b141073685a15d09e', '114.124.144.23', 1605368045, 0x5f5f63695f6c6173745f726567656e65726174657c693a313630353336383034353b),
('8426bf61ca32c8eb4446a1d84793e942884bc07b', '120.188.95.68', 1604835159, 0x5f5f63695f6c6173745f726567656e65726174657c693a313630343833353135393b),
('848c615835697abeb22392586b4dccfc92f01399', '45.130.231.152', 1604596437, 0x5f5f63695f6c6173745f726567656e65726174657c693a313630343539363433373b),
('84vjf7r5elcjbhdlui5objkkkgu90j06', '::1', 1607760751, 0x6e616d617c733a31393a2252756d61682053616b69742044757374697261223b7374617475737c733a353a224c6f67696e223b69645f757365727c733a313a2232223b6c6576656c7c733a313a2231223b5f5f63695f6c6173745f726567656e65726174657c693a313630373736303735313b),
('854a696c06f83a3bf8d8483ccb9b5deae2a1e81d', '45.130.231.152', 1603724622, 0x5f5f63695f6c6173745f726567656e65726174657c693a313630333732343632323b),
('85ce963cd711d4bff24005182b80636cdfb49270', '114.79.55.104', 1604129726, 0x5f5f63695f6c6173745f726567656e65726174657c693a313630343132393732363b),
('8613defc010d8916ba62d3d6a4fa56937642e793', '114.122.68.189', 1606851750, 0x5f5f63695f6c6173745f726567656e65726174657c693a313630363835313735303b),
('86328d3e40ab132f06b8e1833211dd59ccbb7bb9', '45.130.231.152', 1603722406, 0x5f5f63695f6c6173745f726567656e65726174657c693a313630333732323430363b),
('866d377ab915c17fc52aa1b6d5883885a9eae210', '114.142.172.52', 1605188408, 0x5f5f63695f6c6173745f726567656e65726174657c693a313630353138383430383b),
('86c21daab5204bf518c273d03dba2f8906f58548', '36.79.248.204', 1606876827, 0x5f5f63695f6c6173745f726567656e65726174657c693a313630363837363832373b),
('879b99600af27cce1b186a8739a81b370d990538', '114.79.55.120', 1604587515, 0x5f5f63695f6c6173745f726567656e65726174657c693a313630343538373531353b),
('87c22d336477d823d4716f374beecc8371274652', '182.253.245.109', 1603951648, 0x5f5f63695f6c6173745f726567656e65726174657c693a313630333935313634383b),
('87d922754475a5161ae7f5278ec31b25cb1e71b8', '180.242.180.20', 1604596966, 0x5f5f63695f6c6173745f726567656e65726174657c693a313630343539363833383b),
('88eb37d860f5ed44292b9fb18154d6f9f1349c14', '45.130.231.152', 1603724164, 0x5f5f63695f6c6173745f726567656e65726174657c693a313630333732343136333b),
('89a17babf1124be82a9f6414b497b31d55546992', '103.143.98.216', 1604403414, 0x5f5f63695f6c6173745f726567656e65726174657c693a313630343430333431343b),
('89f8f02e011e4377c8eac7cb9c85224ac3e1f4e2', '35.226.230.167', 1605275537, 0x5f5f63695f6c6173745f726567656e65726174657c693a313630353237353533373b),
('8a0039513da42d67c7b87bcfc16fb467e55b0fe0', '45.130.231.152', 1604596528, 0x5f5f63695f6c6173745f726567656e65726174657c693a313630343539363532383b),
('8a3efa8c2b29bbb8978dcd79b4d4af1a60c09cce', '36.79.248.204', 1606882113, 0x5f5f63695f6c6173745f726567656e65726174657c693a313630363838323131333b),
('8a55fa96e4986263cf8072da91e21a2ad8a5f6d9', '36.79.248.204', 1606868982, 0x5f5f63695f6c6173745f726567656e65726174657c693a313630363836383938323b),
('8b789541bc3fff304e9b2adfe06e0ca741f4e13a', '45.130.231.152', 1604608408, 0x5f5f63695f6c6173745f726567656e65726174657c693a313630343630383430383b),
('8baaed81bd813ddd59e17c3f61a78cf8ed83a99b', '45.118.112.142', 1605019322, 0x5f5f63695f6c6173745f726567656e65726174657c693a313630353031393332323b),
('8bf858fa5e0d3b9d99d43fb4714cdc4c4f658245', '114.79.55.120', 1604579882, 0x5f5f63695f6c6173745f726567656e65726174657c693a313630343537393838323b),
('8c50ab0369d04924f1227100cbb5a56436dd2104', '180.252.40.63', 1604644739, 0x5f5f63695f6c6173745f726567656e65726174657c693a313630343634343733393b),
('8c64c4d2ed8ebdb86f187084c72d7786d2a8486a', '45.130.231.152', 1603951027, 0x5f5f63695f6c6173745f726567656e65726174657c693a313630333935313032373b),
('8cf0833b29df4ba9e32618a926746f8d6d2acf40', '45.130.231.152', 1603724563, 0x5f5f63695f6c6173745f726567656e65726174657c693a313630333732343536333b),
('8d69eab3b31b779afa0b10680f29af6d95a1a075', '114.79.55.104', 1604145896, 0x5f5f63695f6c6173745f726567656e65726174657c693a313630343134353839363b),
('8dd35d51629d575763a91a272776330d52ee1d47', '45.130.231.152', 1603724464, 0x5f5f63695f6c6173745f726567656e65726174657c693a313630333732343436343b),
('8e7f32ebbf3fac26271da9d8d618218d9a6858f8', '45.130.231.152', 1604596821, 0x5f5f63695f6c6173745f726567656e65726174657c693a313630343539363832313b),
('8ec0180bf9ba9c45a00ed5df481b4a0cf1bb6f65', '140.213.5.38', 1604768414, 0x5f5f63695f6c6173745f726567656e65726174657c693a313630343736383339363b),
('90651e4af4adf3beaaa699833d97906eae20b661', '45.118.112.142', 1604134498, 0x5f5f63695f6c6173745f726567656e65726174657c693a313630343133343439383b),
('908ec8cf1a6d2f4a65a8e89ca46936a1e65799fc', '112.215.170.143', 1605034755, 0x5f5f63695f6c6173745f726567656e65726174657c693a313630353033343734343b),
('90bee1914533ce7774b54a406e918278c310e43e', '114.5.217.87', 1604422191, 0x5f5f63695f6c6173745f726567656e65726174657c693a313630343432323139313b),
('90dd015019d0e28ea301e0f82b340c9bc48dbb90', '45.130.231.152', 1603724825, 0x5f5f63695f6c6173745f726567656e65726174657c693a313630333732343832353b),
('910168c03288aaaf1aee579b3842af699b4c2751', '114.79.55.104', 1604145591, 0x5f5f63695f6c6173745f726567656e65726174657c693a313630343134353539313b),
('911a1c7879bbdeb2d2ede11af0704af62d5e69b3', '45.130.231.152', 1605696857, 0x5f5f63695f6c6173745f726567656e65726174657c693a313630353639363835373b),
('91849128ca28c9998be3856c85daadaaf9494392', '45.118.112.142', 1605030271, 0x5f5f63695f6c6173745f726567656e65726174657c693a313630353033303237313b),
('918e91ab526b11170ff48de5374472ea541b30f1', '119.161.100.174', 1604069565, 0x5f5f63695f6c6173745f726567656e65726174657c693a313630343036393535333b),
('92f371da2f0a9dcea67af587d5fde98c86ec5a38', '114.79.55.104', 1604131712, 0x5f5f63695f6c6173745f726567656e65726174657c693a313630343133313731323b),
('9388064197355d0d11e1924d8dd134cb38352283', '114.79.55.104', 1604126599, 0x5f5f63695f6c6173745f726567656e65726174657c693a313630343132363539393b),
('93b760b9784ea6cd61bd95ec5e94838a94bd4c8b', '103.143.98.248', 1604456518, 0x5f5f63695f6c6173745f726567656e65726174657c693a313630343435363531383b),
('93c05c331b21811a1443006b549a012643b8a295', '36.79.248.204', 1606947324, 0x5f5f63695f6c6173745f726567656e65726174657c693a313630363934373332343b),
('951fc5a6756010059404e47ca151f8bbf6fb4911', '45.118.112.142', 1607611083, 0x5f5f63695f6c6173745f726567656e65726174657c693a313630373631313038333b),
('957daa72562c0fc87b374f6f6a234d6a758af2ce', '114.79.55.48', 1604603018, 0x5f5f63695f6c6173745f726567656e65726174657c693a313630343630333031383b),
('95ec68880ebce5eb3f3000e82f134dc8d9e7bc7a', '114.124.144.23', 1605368700, 0x5f5f63695f6c6173745f726567656e65726174657c693a313630353336383730303b),
('95ecb34de4d8d3eda5132d30a16f59f788c26e76', '45.130.231.152', 1603722332, 0x5f5f63695f6c6173745f726567656e65726174657c693a313630333732323333323b),
('9628e29a0834c0a1afe176734fe73a0ec61bfd4a', '180.242.180.20', 1604594769, 0x5f5f63695f6c6173745f726567656e65726174657c693a313630343539343736393b),
('96e322d1df8a2d0a7cc60f76e53b653d5300f030', '45.130.231.152', 1604596821, 0x5f5f63695f6c6173745f726567656e65726174657c693a313630343539363832313b),
('9706b6b2117e8ad421bcc1116204c992e7efaa56', '45.130.231.152', 1604596345, 0x5f5f63695f6c6173745f726567656e65726174657c693a313630343539363334353b),
('974bc74028e793c0c53e1c29f2fb5af690b95f23', '45.130.231.152', 1603722371, 0x5f5f63695f6c6173745f726567656e65726174657c693a313630333732323337313b),
('9830902714bec2bd6941a3fec352e2acafa43f12', '103.143.98.149', 1605004903, 0x5f5f63695f6c6173745f726567656e65726174657c693a313630353030343930333b),
('98705aa98bd7948a64b4de48d34e2e2c24940d2d', '103.143.98.248', 1604475053, 0x5f5f63695f6c6173745f726567656e65726174657c693a313630343437353035333b),
('98ecefd3a473239a24ec8ec56d98a41f5d261367', '114.142.172.52', 1605190165, 0x5f5f63695f6c6173745f726567656e65726174657c693a313630353139303136353b),
('99075774cb87dba02138f24d5160ee82a534033e', '45.130.231.152', 1603722555, 0x5f5f63695f6c6173745f726567656e65726174657c693a313630333732323535353b),
('994f55f4a1091d5b089314dd360f01b2c3bb7d5e', '182.253.250.195', 1604103947, 0x5f5f63695f6c6173745f726567656e65726174657c693a313630343130333934373b),
('997da0c49e801cf2282b757ebd17b8b5cfef6e4f', '180.242.180.20', 1604596086, 0x5f5f63695f6c6173745f726567656e65726174657c693a313630343539363038363b),
('99dd3bd22426ea05b7630ccd525b4357410ba713', '119.161.100.174', 1604084117, 0x5f5f63695f6c6173745f726567656e65726174657c693a313630343038343131373b),
('9b06b5e79996eb37b32f3a75b71d0595581ec8ba', '182.253.250.195', 1604079227, 0x5f5f63695f6c6173745f726567656e65726174657c693a313630343037393232363b),
('9b0e2c3f8bba36d8707576833e2a7fcaf7dab4fd', '45.130.231.152', 1606311033, 0x5f5f63695f6c6173745f726567656e65726174657c693a313630363331313033333b),
('9b1ecf80dbf68a5bbfd6ea7bcdd898fbff144f01', '45.130.231.152', 1604596066, 0x5f5f63695f6c6173745f726567656e65726174657c693a313630343539363036363b),
('9b546f427721886fdc294ec3eeb1ff0983832863', '103.143.98.248', 1604473965, 0x5f5f63695f6c6173745f726567656e65726174657c693a313630343437333936353b),
('9b74a21fad54a15f6a5e83972cfa7127f8b6cb21', '45.130.231.152', 1603725421, 0x5f5f63695f6c6173745f726567656e65726174657c693a313630333732353432313b),
('9bf18d018e7031f9319a04ecde2d99480f29fa90', '114.5.209.146', 1604430254, 0x5f5f63695f6c6173745f726567656e65726174657c693a313630343433303235343b),
('9d67a4233c3b0036efaac3a47bd159a5ac2453c5', '45.130.231.152', 1603722608, 0x5f5f63695f6c6173745f726567656e65726174657c693a313630333732323630383b),
('9d951eed9b81ce81f049029dc128a87ef1c9213e', '45.118.112.142', 1604162592, 0x5f5f63695f6c6173745f726567656e65726174657c693a313630343136323539323b),
('9df2968d14a369fa0f01be08e8608e2d6fcbc3ef', '114.79.55.48', 1604604407, 0x5f5f63695f6c6173745f726567656e65726174657c693a313630343630343430373b),
('9df95847c9d6d642934c4d017e8cbdc2fb1fcf46', '45.130.231.152', 1603723721, 0x5f5f63695f6c6173745f726567656e65726174657c693a313630333732333732313b),
('9dfe3096e4f9636cfb47588c1ea5f38f3d83bcb6', '45.130.231.152', 1603724622, 0x5f5f63695f6c6173745f726567656e65726174657c693a313630333732343632323b),
('9e07dc50c9b702e966f5195f749315acac5f33e3', '45.130.231.152', 1604596610, 0x5f5f63695f6c6173745f726567656e65726174657c693a313630343539363631303b),
('9f30fdd60987635e9fbeb4581fc42c8b55208342', '103.143.98.149', 1605004194, 0x5f5f63695f6c6173745f726567656e65726174657c693a313630353030343139333b),
('9vrkj8aem47gc812dvq82c9q5p55nbco', '::1', 1607835931, 0x6e616d617c733a31393a2252756d61682053616b69742044757374697261223b7374617475737c733a353a224c6f67696e223b69645f757365727c733a313a2232223b6c6576656c7c733a313a2231223b5f5f63695f6c6173745f726567656e65726174657c693a313630373833353933313b),
('a01d6a07e111cada0b010d1147bea44c3571b7e0', '45.130.231.152', 1603722049, 0x5f5f63695f6c6173745f726567656e65726174657c693a313630333732323034393b),
('a17a62b71d815a5fa696ccb5d7ce830ff162bba8', '45.130.231.152', 1603724647, 0x5f5f63695f6c6173745f726567656e65726174657c693a313630333732343634373b),
('a1b3d37df1898cd793519f150218377a77301e0a', '45.130.231.152', 1604608387, 0x5f5f63695f6c6173745f726567656e65726174657c693a313630343630383338373b),
('a1c13a3e0e5bb26dc0da3659fcc774a10b191c64', '36.79.248.204', 1606880347, 0x5f5f63695f6c6173745f726567656e65726174657c693a313630363838303334373b),
('a1dbbe7832f987b31f352afbfc240c1aa38cf8f2', '45.130.231.152', 1603722332, 0x5f5f63695f6c6173745f726567656e65726174657c693a313630333732323333323b),
('a1e54023c7d3583aa084d6446e752398189412b7', '45.118.112.142', 1604163793, 0x5f5f63695f6c6173745f726567656e65726174657c693a313630343136333739333b),
('a1f292382e5507c2061cbd567213335bc80a8985', '114.79.55.148', 1604597607, 0x5f5f63695f6c6173745f726567656e65726174657c693a313630343539373630373b),
('a204053ed366e98f8230fcd82d22d9e48aa0c431', '45.130.231.152', 1603724723, 0x5f5f63695f6c6173745f726567656e65726174657c693a313630333732343732333b),
('a338643ca5d31c9bafea01db0ac2e44a68f00147', '103.143.98.248', 1604471684, 0x5f5f63695f6c6173745f726567656e65726174657c693a313630343437313638343b),
('a365ad4fb5a20ea44e25d0cd2a7407bb24e42c60', '114.79.55.48', 1604603347, 0x5f5f63695f6c6173745f726567656e65726174657c693a313630343630333334373b),
('a39b25f35dab6a0576064c29ab35c696e68915c1', '45.130.231.152', 1604596559, 0x5f5f63695f6c6173745f726567656e65726174657c693a313630343539363535393b),
('a3ce98ba8125741b56d82d2c1a6fbb61c3f937b7', '45.130.231.152', 1603725188, 0x5f5f63695f6c6173745f726567656e65726174657c693a313630333732353138383b),
('a43d33759ddc4568f947beef8da5f763c0805b23', '119.161.100.174', 1604085274, 0x5f5f63695f6c6173745f726567656e65726174657c693a313630343038343939393b),
('a463b6e61cc989d229bd1692b73dc523f67770de', '103.143.98.149', 1605005957, 0x5f5f63695f6c6173745f726567656e65726174657c693a313630353030353935373b),
('a47ef282acf10cb8bdba42f77c5f3705fbcdecd2', '45.130.231.152', 1603722389, 0x5f5f63695f6c6173745f726567656e65726174657c693a313630333732323338393b),
('a4c01262c53e91a13c92e8b3b8e443ab99e40ff9', '45.118.112.142', 1604172327, 0x5f5f63695f6c6173745f726567656e65726174657c693a313630343137323332353b),
('a5141c42713336028a0e6584b6734b0189d40311', '45.130.231.152', 1603722406, 0x5f5f63695f6c6173745f726567656e65726174657c693a313630333732323430363b),
('a548e87dba492da59c423440f3e3be4df6b0b179', '114.124.235.23', 1605093284, 0x5f5f63695f6c6173745f726567656e65726174657c693a313630353039333238343b),
('a5d584f91b7493cbd9b7e17b7b8d16778438d93a', '203.190.49.3', 1607388683, 0x5f5f63695f6c6173745f726567656e65726174657c693a313630373338383434363b),
('a5g0hqn1avqt6h2sbnmm5br01gt9ua2m', '::1', 1607784702, 0x6e616d617c733a31393a2252756d61682053616b69742044757374697261223b7374617475737c733a353a224c6f67696e223b69645f757365727c733a313a2232223b6c6576656c7c733a313a2231223b5f5f63695f6c6173745f726567656e65726174657c693a313630373738343730323b),
('a684ec0e38ab2465b54b74ffc3ba7802a042c602', '45.130.231.152', 1603722389, 0x5f5f63695f6c6173745f726567656e65726174657c693a313630333732323338393b),
('a76b7d880aff1f87228adc7763bb83a58c7d0916', '45.130.231.152', 1603725188, 0x5f5f63695f6c6173745f726567656e65726174657c693a313630333732353138383b),
('a7a1d075f594f34d216686b58b98fd029fbcc9d9', '45.130.231.152', 1603725210, 0x5f5f63695f6c6173745f726567656e65726174657c693a313630333732353231303b),
('a7e5a9f8b64cdfcaf6010df721f4f3ccda782af2', '103.143.98.12', 1604566362, 0x5f5f63695f6c6173745f726567656e65726174657c693a313630343536363336323b),
('a8e1f1b89867254c8b54f30471439d36ad1985b2', '45.130.231.152', 1603725188, 0x5f5f63695f6c6173745f726567656e65726174657c693a313630333732353138383b),
('a92a138fb2a52de5dd4744440561d4dc10e63098', '114.124.148.96', 1607178872, 0x5f5f63695f6c6173745f726567656e65726174657c693a313630373137383837323b),
('a941d3d175e3db8e827e2ecb50f4d7ac11f07992', '45.130.231.152', 1605483721, 0x5f5f63695f6c6173745f726567656e65726174657c693a313630353438333732313b),
('aa1ec72f168cc541e46400bbfc03d0c22bac405e', '36.70.129.27', 1606052233, 0x5f5f63695f6c6173745f726567656e65726174657c693a313630363035323233333b),
('aa8d7927036041b959efabcdd09d6b4bfcf93bb4', '114.79.2.57', 1604835076, 0x5f5f63695f6c6173745f726567656e65726174657c693a313630343833353037363b),
('ab6163bfebedbdefd8baaa648dc9c435766c1359', '45.130.231.152', 1604595474, 0x5f5f63695f6c6173745f726567656e65726174657c693a313630343539353437343b),
('abb88a6292e2e5b38e22e18492d55bb1fe840a86', '112.215.65.114', 1604587833, 0x5f5f63695f6c6173745f726567656e65726174657c693a313630343538373833333b),
('abeeded5cbe42b036a7a9f3244e1513caeea57d1', '36.84.130.129', 1604000654, 0x5f5f63695f6c6173745f726567656e65726174657c693a313630343030303635343b),
('abf1565c7f5fe41694da0257baff80ab5d416ced', '45.130.231.152', 1603722370, 0x5f5f63695f6c6173745f726567656e65726174657c693a313630333732323337303b),
('ac1ab05f67adc588bd7276fab1ded26828c072fc', '114.124.207.245', 1605246483, 0x5f5f63695f6c6173745f726567656e65726174657c693a313630353234363436333b),
('ac1e28061c27d58cca6e8b5e1179bb379ec7c597', '114.124.144.23', 1605365172, 0x5f5f63695f6c6173745f726567656e65726174657c693a313630353336353137323b),
('ac5374a911a292596ddd9d8931aaf24ebf903857', '45.130.231.152', 1603725188, 0x5f5f63695f6c6173745f726567656e65726174657c693a313630333732353138383b),
('acf337068ef2b4d289cde89a2b14127e99ac4fb1', '45.130.231.152', 1603722049, 0x5f5f63695f6c6173745f726567656e65726174657c693a313630333732323034393b),
('acf7789841d5098afda266fa0b967468ac5cf1b8', '45.130.231.152', 1604596528, 0x5f5f63695f6c6173745f726567656e65726174657c693a313630343539363532383b),
('ad57871aa594072e33c245aa192bf199f97e9f7f', '45.130.231.152', 1605696857, 0x5f5f63695f6c6173745f726567656e65726174657c693a313630353639363835373b),
('ae19c782da9dd4ae11615023adfcf6946611c89a', '114.79.2.57', 1604835087, 0x5f5f63695f6c6173745f726567656e65726174657c693a313630343833353037363b),
('ae3aba0639d8d7a9b1b6072218118f3e347e7497', '45.130.231.152', 1603722577, 0x5f5f63695f6c6173745f726567656e65726174657c693a313630333732323537373b),
('ae81bffe3bf0008819c2c906d7604e0ebc0465dd', '45.130.231.152', 1603724141, 0x5f5f63695f6c6173745f726567656e65726174657c693a313630333732343134313b),
('aeb5144e08bf8599f1ad74b2276e44e625e3938b', '45.130.231.152', 1603722049, 0x5f5f63695f6c6173745f726567656e65726174657c693a313630333732323034393b),
('aec7333076bf996a6de9420a2d251d3295d1ec79', '103.143.98.12', 1604565027, 0x5f5f63695f6c6173745f726567656e65726174657c693a313630343536353032373b),
('af6f4620511645cfa5f8be3b1c3485aa8afa5ed8', '114.79.55.120', 1604597140, 0x5f5f63695f6c6173745f726567656e65726174657c693a313630343539373134303b),
('afae1fa311e17bb36e3f54b20546755f1f9c302c', '45.130.231.152', 1606311065, 0x5f5f63695f6c6173745f726567656e65726174657c693a313630363331313036353b),
('b080edf2759efa29031e2a2cb79f7495082e3f54', '45.130.231.152', 1604608412, 0x5f5f63695f6c6173745f726567656e65726174657c693a313630343630383431323b),
('b0c3ab8b7b8718c066c9a74561c48b6f0f8d2856', '114.79.55.223', 1604300031, 0x5f5f63695f6c6173745f726567656e65726174657c693a313630343330303033313b),
('b0eedd90e61bd17a8537fadc56206aaed76f0bea', '114.79.55.48', 1604606349, 0x5f5f63695f6c6173745f726567656e65726174657c693a313630343630363334393b),
('b175a951b8600fea66d7d581bf201c77a3e4ab9a', '45.130.231.152', 1603725188, 0x5f5f63695f6c6173745f726567656e65726174657c693a313630333732353138383b),
('b1dcf70ee6a3e62128b908f951883c398b325711', '116.206.15.46', 1605190466, 0x5f5f63695f6c6173745f726567656e65726174657c693a313630353139303436363b),
('b2499bfb1dca4b26920936cb8c4ca76730257b5e', '203.190.49.3', 1607524688, 0x5f5f63695f6c6173745f726567656e65726174657c693a313630373532343638383b),
('b25f401931cb6b0825d9c985675e0e354a697498', '180.242.180.20', 1604607623, 0x5f5f63695f6c6173745f726567656e65726174657c693a313630343630373632333b),
('b279598c11a4482d394df5ab78c36dbf5af1191f', '45.118.112.142', 1604171607, 0x5f5f63695f6c6173745f726567656e65726174657c693a313630343137313630373b),
('b2cd96308c8bc5d91b3696e4f1f0d22e2a154ba9', '45.130.231.152', 1603722586, 0x5f5f63695f6c6173745f726567656e65726174657c693a313630333732323538363b),
('b2e447c284ff3369c8d60e87c77c14dc918dae56', '202.80.212.207', 1604981031, 0x5f5f63695f6c6173745f726567656e65726174657c693a313630343938313033313b),
('b3d7147642643767e6d2df8b36a895c6a36dcd64', '45.130.231.152', 1603722494, 0x5f5f63695f6c6173745f726567656e65726174657c693a313630333732323439343b),
('b3fa7be4df6124cfb5c1d91ca31a9c852f957ff2', '114.79.55.104', 1604133160, 0x5f5f63695f6c6173745f726567656e65726174657c693a313630343133333136303b),
('b4202ae1de33eadb0f9442bc244eb2f293b3cb57', '115.178.195.249', 1607354837, 0x5f5f63695f6c6173745f726567656e65726174657c693a313630373335343833373b),
('b46f1f14cd8903068b3cd7f85f5e8ad575634eb6', '120.188.95.68', 1604835159, 0x5f5f63695f6c6173745f726567656e65726174657c693a313630343833353135393b),
('b4d415fa59dc855e059956098f973ff025ec6896', '45.130.231.152', 1603724622, 0x5f5f63695f6c6173745f726567656e65726174657c693a313630333732343632323b),
('b4da1dee100c502a00f26c1da4af88b80b6f7552', '182.253.250.209', 1604999497, 0x5f5f63695f6c6173745f726567656e65726174657c693a313630343939393439373b),
('b4e0ca71989f0832d91f423c2ce39e234030dabb', '114.79.55.104', 1604129022, 0x5f5f63695f6c6173745f726567656e65726174657c693a313630343132393032323b),
('b55d5ef743c80f5d2380e90cb7a12f34c0773104', '114.79.55.104', 1604127577, 0x5f5f63695f6c6173745f726567656e65726174657c693a313630343132373537373b),
('b588eda68f8f7d9fa3d4c58c85d8fd965576dd77', '180.242.180.20', 1604596054, 0x6e616d617c733a353a2241646d696e223b7374617475737c733a353a224c6f67696e223b69645f757365727c733a313a2231223b6c6576656c7c733a313a2230223b5f5f63695f6c6173745f726567656e65726174657c693a313630343539363035343b),
('b5a8db639d71ea40d3039d3d775accdf4ce14db6', '103.143.98.248', 1604475543, 0x5f5f63695f6c6173745f726567656e65726174657c693a313630343437353338353b),
('b5b3bd18b601d4eb1fd4c024bcd4648dd35ed03b', '114.122.68.189', 1606848774, 0x5f5f63695f6c6173745f726567656e65726174657c693a313630363834383737343b),
('b5e5b24241481476ee24798a1c7494be6a3fcefb', '45.130.231.152', 1604596072, 0x5f5f63695f6c6173745f726567656e65726174657c693a313630343539363037323b),
('b61a408d75afa85929912cfdd047e66f09d15567', '167.172.225.23', 1607316859, 0x5f5f63695f6c6173745f726567656e65726174657c693a313630373331363835393b),
('b740ac8bd331ed04d7dae7173ae51f37fd4b84e0', '45.118.112.142', 1607611439, 0x5f5f63695f6c6173745f726567656e65726174657c693a313630373631313433393b),
('b78051b497b4fbae13127b63c2d2375b916f0663', '180.252.40.63', 1604644402, 0x5f5f63695f6c6173745f726567656e65726174657c693a313630343634343430323b),
('b784ee4b64dbe78fba2b5e6e20e1d6efd5353317', '45.130.231.152', 1603725171, 0x5f5f63695f6c6173745f726567656e65726174657c693a313630333732353137313b),
('b7a8c4d35c429a5a435ee46089b578e35f0211a8', '114.5.217.87', 1604430254, 0x5f5f63695f6c6173745f726567656e65726174657c693a313630343433303235343b),
('b7d80e6c51283195229cbdf126621a4e98c843dd', '45.130.231.152', 1603724457, 0x5f5f63695f6c6173745f726567656e65726174657c693a313630333732343435373b),
('b7d886db0890d75ecf8f6c6178dec707c4cd2ff5', '45.130.231.152', 1605483724, 0x5f5f63695f6c6173745f726567656e65726174657c693a313630353438333732343b),
('b87a418e920d354f668881f78f67dadf613e53b2', '45.130.231.152', 1603722406, 0x5f5f63695f6c6173745f726567656e65726174657c693a313630333732323430363b),
('b8a2c27797cc8a9f20a0c7189cc6ede37b1277ca', '103.143.98.248', 1604508148, 0x5f5f63695f6c6173745f726567656e65726174657c693a313630343530383134383b),
('b8c006c8454b34fc134daaeb22192716812c1740', '45.130.231.152', 1603725296, 0x5f5f63695f6c6173745f726567656e65726174657c693a313630333732353239363b),
('b8c8e0beaac71754451f948b55f3081b6e932aa7', '114.142.172.52', 1605187865, 0x5f5f63695f6c6173745f726567656e65726174657c693a313630353138373836353b),
('b8f3f8c150385b386ccc483f71d0954a005eaff5', '36.79.248.204', 1606875935, 0x5f5f63695f6c6173745f726567656e65726174657c693a313630363837353933353b),
('b8jhq3qmbossv6hbuq2rqvv80vgirc1t', '::1', 1607771399, 0x6e616d617c733a31393a2252756d61682053616b69742044757374697261223b7374617475737c733a353a224c6f67696e223b69645f757365727c733a313a2232223b6c6576656c7c733a313a2231223b5f5f63695f6c6173745f726567656e65726174657c693a313630373737313339393b),
('b9d1a3821ea7dfe21d232a342b6af7b504f54b8f', '115.178.208.211', 1603803732, 0x5f5f63695f6c6173745f726567656e65726174657c693a313630333830333733323b),
('b9df0928f07e579336acc96409fb00e044a340d6', '45.130.231.152', 1603724249, 0x5f5f63695f6c6173745f726567656e65726174657c693a313630333732343234393b),
('b9ec4a84d16c8822de33a3928aeeca520f555fe5', '112.215.65.114', 1604598910, 0x5f5f63695f6c6173745f726567656e65726174657c693a313630343539383931303b),
('ba6a162d682009a6dca20503d9c05f4d064efecf', '114.79.55.232', 1604162130, 0x5f5f63695f6c6173745f726567656e65726174657c693a313630343136323133303b),
('ba8e7cba2daa3ae09106276c3fc3c95f6604a9de', '45.130.231.152', 1603722417, 0x5f5f63695f6c6173745f726567656e65726174657c693a313630333732323431373b),
('ba9920ca4755e1c3e705aac0ce8cd597b307acd7', '45.130.231.152', 1605483724, 0x5f5f63695f6c6173745f726567656e65726174657c693a313630353438333732343b),
('bab9b67260ced2430bb2be4f42c919cf6922dd72', '180.242.180.20', 1604583625, 0x5f5f63695f6c6173745f726567656e65726174657c693a313630343538333632353b),
('bb1d3195c215ba4a502ea6b4d67cd3a78ceb9837', '45.130.231.152', 1603725210, 0x5f5f63695f6c6173745f726567656e65726174657c693a313630333732353231303b),
('bb39ad8016dab8622a6e3b4bf12176c5af94da9d', '45.130.231.152', 1603991159, 0x5f5f63695f6c6173745f726567656e65726174657c693a313630333939313135393b),
('bb4508824e577469752cc6b6100513ea776268e0', '45.118.112.142', 1605020555, 0x5f5f63695f6c6173745f726567656e65726174657c693a313630353032303535353b),
('bc0eb99c63b7236e35a33006e2630040362f9b53', '45.130.231.152', 1603724132, 0x5f5f63695f6c6173745f726567656e65726174657c693a313630333732343133323b),
('bc89fab8b2d904e2b431f317379cba30612d47e3', '45.130.231.152', 1603722370, 0x5f5f63695f6c6173745f726567656e65726174657c693a313630333732323337303b),
('bcb56c09ce243de3fd9d179ecbed9f05d1c5c092', '103.143.98.216', 1604412591, 0x5f5f63695f6c6173745f726567656e65726174657c693a313630343431323539313b),
('bcf13035f30e9336446a2c16fa8c491e9647b7d0', '36.79.248.204', 1606916383, 0x5f5f63695f6c6173745f726567656e65726174657c693a313630363931363338333b),
('bcf1593b4533e9385128f7d7a30eac03025e8d06', '103.143.98.248', 1604493731, 0x5f5f63695f6c6173745f726567656e65726174657c693a313630343439333733313b),
('bd0f6a08c04ea6358522d6a99320955b355b653c', '103.143.98.248', 1604473137, 0x5f5f63695f6c6173745f726567656e65726174657c693a313630343437333133373b),
('bd204748bf90a5157b80880dd69098dd85b1f329', '45.130.231.152', 1603723989, 0x5f5f63695f6c6173745f726567656e65726174657c693a313630333732333938393b),
('bd23cb40e509f09937068f2458b746cf3e2c6530', '45.130.231.152', 1604596528, 0x5f5f63695f6c6173745f726567656e65726174657c693a313630343539363532383b),
('bd856082baeb882b5714b1130473541071b81d61', '45.130.231.152', 1605696858, 0x5f5f63695f6c6173745f726567656e65726174657c693a313630353639363835383b),
('bd9948417e050da9fd67e89c17e99eda7cd09db3', '36.79.248.204', 1606881066, 0x5f5f63695f6c6173745f726567656e65726174657c693a313630363838313036363b),
('bdfa737de917ad90b3d95f30cb1c41662e379758', '180.242.180.20', 1604596821, 0x6e616d617c733a353a2241646d696e223b7374617475737c733a353a224c6f67696e223b69645f757365727c733a313a2231223b6c6576656c7c733a313a2230223b5f5f63695f6c6173745f726567656e65726174657c693a313630343539363832313b),
('be448df199740c7026a3eb9b107bad169cd7ad82', '45.130.231.152', 1604596055, 0x5f5f63695f6c6173745f726567656e65726174657c693a313630343539363035353b),
('be794add1864f6989899355df359d4a007204d15', '45.130.231.152', 1603722406, 0x5f5f63695f6c6173745f726567656e65726174657c693a313630333732323430363b),
('be9699b5665ea88daa5e71e6c6402b0d44861d1d', '114.79.55.104', 1604135123, 0x5f5f63695f6c6173745f726567656e65726174657c693a313630343133353132333b),
('bf0746184f828c687c8ce1014f5a0315dee96012', '45.118.112.142', 1605032552, 0x5f5f63695f6c6173745f726567656e65726174657c693a313630353033323535323b),
('bf34f40976f2a64d33c671605dff1caaaea43580', '45.118.112.142', 1607611084, 0x5f5f63695f6c6173745f726567656e65726174657c693a313630373631313038343b),
('bf3c78582f6ba5aaf3af540e18bd1cc5bf9252b9', '45.130.231.152', 1603724428, 0x5f5f63695f6c6173745f726567656e65726174657c693a313630333732343432383b),
('bf41471ba4fedcc5bc942f71ae1ba9480190ac7a', '114.79.55.223', 1604299240, 0x5f5f63695f6c6173745f726567656e65726174657c693a313630343239393234303b),
('bf59c1aaa99fa457c5780e413d61653517c4a052', '45.130.231.152', 1604596570, 0x5f5f63695f6c6173745f726567656e65726174657c693a313630343539363537303b),
('bff91c6d462f91609ed86fbbbd1a73646cae04b0', '114.79.55.223', 1604307201, 0x5f5f63695f6c6173745f726567656e65726174657c693a313630343330373230313b),
('bklgg40abifn093acamfb14c7ubg9im7', '::1', 1607834821, 0x6e616d617c733a31393a2252756d61682053616b69742044757374697261223b7374617475737c733a353a224c6f67696e223b69645f757365727c733a313a2232223b6c6576656c7c733a313a2231223b5f5f63695f6c6173745f726567656e65726174657c693a313630373833343832313b),
('bml509lq2u3s4p7nd6l1bhvfr94ddocj', '::1', 1607781624, 0x6e616d617c733a31393a2252756d61682053616b69742044757374697261223b7374617475737c733a353a224c6f67696e223b69645f757365727c733a313a2232223b6c6576656c7c733a313a2231223b5f5f63695f6c6173745f726567656e65726174657c693a313630373738313632343b),
('c0176487153b26e74c5a2e82b7794d1cd709ebff', '45.130.231.152', 1604595676, 0x5f5f63695f6c6173745f726567656e65726174657c693a313630343539353637363b),
('c0494cd056a3777ca2adb2bbfc52a1714bde6d9f', '45.130.231.152', 1604596055, 0x5f5f63695f6c6173745f726567656e65726174657c693a313630343539363035353b),
('c064376490ba8629d698cbcdea546b2597a7f3a6', '45.130.231.152', 1603722371, 0x5f5f63695f6c6173745f726567656e65726174657c693a313630333732323337313b),
('c1261eeaca847f993866bb07222e4c351aa42316', '45.130.231.152', 1604596562, 0x5f5f63695f6c6173745f726567656e65726174657c693a313630343539363536323b),
('c16d7c4bd35dd11a95786a4b8727c4749885bfae', '103.143.98.216', 1604405100, 0x5f5f63695f6c6173745f726567656e65726174657c693a313630343430353130303b),
('c1ccc9ec6851bad9b5fd56069fb0c97b0a143b8c', '139.99.69.189', 1606531913, 0x5f5f63695f6c6173745f726567656e65726174657c693a313630363533313931333b),
('c1d3be2ede201ec6eee4a11f888e9d0fd7231c37', '45.130.231.152', 1604596345, 0x5f5f63695f6c6173745f726567656e65726174657c693a313630343539363334353b),
('c22a529e9200db3fb5001eb85d7970f7c96c59ef', '182.253.250.209', 1604991008, 0x5f5f63695f6c6173745f726567656e65726174657c693a313630343939313030383b),
('c243633ab52740df54dc25e290510735a4a7bf37', '45.130.231.152', 1603725216, 0x5f5f63695f6c6173745f726567656e65726174657c693a313630333732353231363b),
('c276f26b1e8ed04ac7c89b4a99cb17d4a3ea3322', '36.79.248.204', 1606925806, 0x5f5f63695f6c6173745f726567656e65726174657c693a313630363932353830363b),
('c2f2d3c16f69eb4c619626034e685457bdcfd420', '45.130.231.152', 1604596072, 0x5f5f63695f6c6173745f726567656e65726174657c693a313630343539363037323b),
('c33bd083dc272c2db274bd7f8b8e45d5a5f926fb', '45.130.231.152', 1604596289, 0x5f5f63695f6c6173745f726567656e65726174657c693a313630343539363238393b),
('c33ddc0f4b43121a87f3b54d81a30f196dd70824', '45.118.112.142', 1605012520, 0x5f5f63695f6c6173745f726567656e65726174657c693a313630353031323532303b),
('c3dea6ba2e215886603da055a3899e93831c4f1e', '45.130.231.152', 1604596437, 0x5f5f63695f6c6173745f726567656e65726174657c693a313630343539363433373b),
('c4f9fe6f0c0144c820e83162f8a081879b1683a2', '45.130.231.152', 1603722371, 0x5f5f63695f6c6173745f726567656e65726174657c693a313630333732323337313b),
('c5315ba721143298308782407da2d01b7c533495', '45.118.112.142', 1607611228, 0x5f5f63695f6c6173745f726567656e65726174657c693a313630373631313232383b),
('c5733a3174d1d052914a9cb685e7a973ce22c937', '45.118.112.142', 1604172325, 0x5f5f63695f6c6173745f726567656e65726174657c693a313630343137323332353b),
('c59d083371b769d30c25cb4d415518e8c3261d62', '45.130.231.152', 1603722380, 0x5f5f63695f6c6173745f726567656e65726174657c693a313630333732323338303b),
('c5d9d93aaf70e919b7c892451959deeaa102bad6', '182.0.181.92', 1607403153, 0x5f5f63695f6c6173745f726567656e65726174657c693a313630373430333135333b),
('c5e92296d860732e74355e21fd673f29a529acd9', '114.142.173.33', 1606311065, 0x6e616d617c733a353a2241646d696e223b7374617475737c733a353a224c6f67696e223b69645f757365727c733a313a2231223b6c6576656c7c733a313a2230223b5f5f63695f6c6173745f726567656e65726174657c693a313630363331313033333b),
('c63557b4e0bbe5787c0465534c0b7a1e259fa66b', '182.253.250.217', 1604667018, 0x5f5f63695f6c6173745f726567656e65726174657c693a313630343636373030373b),
('c66c2758b69eb70f548a9c6c35e614ebf88bd27a', '114.79.55.223', 1604301037, 0x5f5f63695f6c6173745f726567656e65726174657c693a313630343330313033373b),
('c6a2d3a6dc412f50bba638725966838d361912c2', '45.130.231.152', 1603722370, 0x5f5f63695f6c6173745f726567656e65726174657c693a313630333732323337303b),
('c6f812c3202755a0e7b40ce72da99827371cde71', '45.130.231.152', 1605696856, 0x5f5f63695f6c6173745f726567656e65726174657c693a313630353639363835363b),
('c71f438d5ae999ad79f1126bc62e852faf1f4e93', '182.253.250.195', 1604111562, 0x5f5f63695f6c6173745f726567656e65726174657c693a313630343131313535363b),
('c738b682dcbaf4be06683b108bbe7478cf596313', '45.130.231.152', 1603724723, 0x5f5f63695f6c6173745f726567656e65726174657c693a313630333732343732333b),
('c83cf99a9d0eaa51b0ef8d0a3473a04e6285dcba', '45.130.231.152', 1603722636, 0x5f5f63695f6c6173745f726567656e65726174657c693a313630333732323633363b),
('c83ef055d42061c81522173e11a381ea17bc0a50', '45.130.231.152', 1603722370, 0x5f5f63695f6c6173745f726567656e65726174657c693a313630333732323337303b),
('c83f98dc9742cc5e72396f7556411386ed0b6a04', '36.79.248.204', 1606883668, 0x5f5f63695f6c6173745f726567656e65726174657c693a313630363838333636383b),
('c8nmapvlngkces9rvop0saru3lajiqdd', '::1', 1607617544, 0x5f5f63695f6c6173745f726567656e65726174657c693a313630373631373534343b),
('c915c3e56f67bd83293f7055b70ca63acd122825', '182.253.245.109', 1603951027, 0x6e616d617c733a353a2241646d696e223b7374617475737c733a353a224c6f67696e223b69645f757365727c733a313a2231223b6c6576656c7c733a313a2230223b5f5f63695f6c6173745f726567656e65726174657c693a313630333935313032373b),
('c934215918c684b1550201608e8d19c5f6b55917', '205.169.39.11', 1606653323, 0x5f5f63695f6c6173745f726567656e65726174657c693a313630363635333332333b),
('c96abe18f1468bffadc3a782688fff8c5e2655b2', '36.79.248.204', 1607062473, 0x5f5f63695f6c6173745f726567656e65726174657c693a313630373036323437333b),
('c96d30a24bd2bd20413bc717000f800bb4e1df7b', '45.118.112.142', 1605021347, 0x5f5f63695f6c6173745f726567656e65726174657c693a313630353032313334373b),
('c9af00380fbc3a65fbbcb9afb852c8eca38d67d5', '45.130.231.152', 1604596298, 0x5f5f63695f6c6173745f726567656e65726174657c693a313630343539363239383b),
('ca87ef720652fe01f19e4333efd669a8bc72914c', '167.71.81.246', 1607312472, 0x5f5f63695f6c6173745f726567656e65726174657c693a313630373331323437323b),
('cab3700352edc9a9c0d05fcecf4752d5ad4d6ac9', '51.15.195.246', 1606175362, 0x5f5f63695f6c6173745f726567656e65726174657c693a313630363137353336323b),
('cab9b7cef107fceafb86719ed14c028f758accf0', '45.118.112.142', 1605032479, 0x5f5f63695f6c6173745f726567656e65726174657c693a313630353033323437393b),
('cb20ec4a499d7c413569e4165c18a0ba9eb58859', '182.2.139.75', 1603725112, 0x5f5f63695f6c6173745f726567656e65726174657c693a313630333732353131323b),
('cb8365e92e5b7983abe4fbc3f12e21573d7467c4', '45.130.231.152', 1603725216, 0x5f5f63695f6c6173745f726567656e65726174657c693a313630333732353231363b),
('cba3b69ac30bbe0b4ba2990278d0cf63337f966d', '202.80.212.83', 1605483724, 0x5f5f63695f6c6173745f726567656e65726174657c693a313630353438333732313b),
('cbb5fc8897305592b0ef8c12ed508a7304ab96c0', '114.79.55.173', 1604609019, 0x5f5f63695f6c6173745f726567656e65726174657c693a313630343630393031393b),
('cc16a8d6cea29ca1540b9b9499cc9eef0dae0a7d', '45.118.112.142', 1607611195, 0x5f5f63695f6c6173745f726567656e65726174657c693a313630373631313139353b),
('cc2a7488520f1bf88c463537fb31e3d5653b0444', '45.118.112.142', 1605015181, 0x5f5f63695f6c6173745f726567656e65726174657c693a313630353031353138313b),
('cc49de88848e4fa647a7a744dad9538571a196e4', '209.17.96.98', 1604646581, 0x5f5f63695f6c6173745f726567656e65726174657c693a313630343634363538313b),
('cc5f6b53daba6133ae7868c4126e239903f20c33', '114.124.146.70', 1604832044, 0x5f5f63695f6c6173745f726567656e65726174657c693a313630343833323034343b),
('cc676674c84e235d1a6e7f617feb3541884dc057', '114.124.130.49', 1604318084, 0x5f5f63695f6c6173745f726567656e65726174657c693a313630343331373938363b),
('cc82313cf5983fe92bc990b3b5fa0c5c55ee7ff5', '116.206.15.46', 1605192557, 0x5f5f63695f6c6173745f726567656e65726174657c693a313630353139323535373b),
('ccc2b2b1fcc01f2daebcc1f4db097ae1581ff83e', '45.118.112.142', 1607611226, 0x5f5f63695f6c6173745f726567656e65726174657c693a313630373631313232363b),
('cd0c7f7f4e29770313cc7546b10846e006dceb87', '114.79.55.104', 1604129351, 0x5f5f63695f6c6173745f726567656e65726174657c693a313630343132393335313b),
('cd950dddfcb1a80812bc7a11d24e11174dc6e4ab', '45.118.112.142', 1605032552, 0x5f5f63695f6c6173745f726567656e65726174657c693a313630353033323535323b),
('cdaadc7132848d302fcf409ecbb3f7e0ab2ffe85', '114.79.2.57', 1604833585, 0x5f5f63695f6c6173745f726567656e65726174657c693a313630343833333538353b),
('cdc89312588fdc4750d9d4936d887a4948f959a5', '112.215.170.143', 1605029266, 0x5f5f63695f6c6173745f726567656e65726174657c693a313630353032393236363b),
('cdf160bfa1c12a1aa685c2e62e1c4a041273b48f', '114.79.55.120', 1604571350, 0x5f5f63695f6c6173745f726567656e65726174657c693a313630343537313335303b),
('ce96eccf935d6836b453c322d8191f143f81dd08', '45.130.231.152', 1603722394, 0x5f5f63695f6c6173745f726567656e65726174657c693a313630333732323339343b),
('ceba1633f103be48aa82b9c669fe261057513a76', '45.130.231.152', 1603991159, 0x5f5f63695f6c6173745f726567656e65726174657c693a313630333939313135393b),
('cf4c5b47366376777f17ce1ba6618283b096357d', '45.118.112.142', 1605013814, 0x5f5f63695f6c6173745f726567656e65726174657c693a313630353031333831343b),
('cf82c38e1dee107180ea28506c26ffd044c58b71', '114.79.55.173', 1604612087, 0x5f5f63695f6c6173745f726567656e65726174657c693a313630343631323038373b),
('cf8ab297e80eb19cdd3956a4a2b5ba621d55e978', '45.118.112.142', 1605032061, 0x5f5f63695f6c6173745f726567656e65726174657c693a313630353033323036313b),
('d01f2e4701852b790700c84e29ddd64ee522cb7a', '103.143.98.149', 1605003482, 0x5f5f63695f6c6173745f726567656e65726174657c693a313630353030333438323b),
('d04f06a533a90eae8b8069fc8ebed17a0fa50c8e', '115.178.195.249', 1607354837, 0x5f5f63695f6c6173745f726567656e65726174657c693a313630373335343833373b),
('d05abf2d9e81b0235e4aecbcefee267e444913c2', '114.79.55.48', 1604601693, 0x5f5f63695f6c6173745f726567656e65726174657c693a313630343630313639333b),
('d09656f703f74ce354a3433659c8e7613ffc1746', '45.118.112.142', 1607611227, 0x5f5f63695f6c6173745f726567656e65726174657c693a313630373631313232373b),
('d0ca8121d16aebf16532a34adeb7a7e49dfdb69f', '45.118.112.142', 1607611194, 0x5f5f63695f6c6173745f726567656e65726174657c693a313630373631313139343b),
('d0f0be13db868b36fd741dda90b2953e108138eb', '114.79.55.232', 1604148794, 0x5f5f63695f6c6173745f726567656e65726174657c693a313630343134383739343b),
('d0f8cf5a9bc9a4b715e5c44e0c19e086e3d0078a', '103.143.98.216', 1604409001, 0x5f5f63695f6c6173745f726567656e65726174657c693a313630343430393030313b),
('d1mjo8h3rds97tnc71gidp63ffk40dla', '::1', 1607759797, 0x6e616d617c733a31393a2252756d61682053616b69742044757374697261223b7374617475737c733a353a224c6f67696e223b69645f757365727c733a313a2232223b6c6576656c7c733a313a2231223b5f5f63695f6c6173745f726567656e65726174657c693a313630373735393739373b),
('d27865a0fba53681190a903807323135c9c57832', '103.143.98.248', 1604474749, 0x5f5f63695f6c6173745f726567656e65726174657c693a313630343437343734393b),
('d2ba949c7586bef56664c930a6441f7dd94aa3bd', '103.143.98.12', 1604562189, 0x5f5f63695f6c6173745f726567656e65726174657c693a313630343536323138393b),
('d2d2d06fc3c5a0ab0dc70bc8c59827cddd1bd9d4', '114.79.55.223', 1604318151, 0x5f5f63695f6c6173745f726567656e65726174657c693a313630343331383135313b),
('d360cf12fd58147ac13ec2d330d7efdeb5e3b5b4', '112.215.253.122', 1604831905, 0x5f5f63695f6c6173745f726567656e65726174657c693a313630343833313737363b),
('d372a89f35c5eb18010722695520a3f6f5761310', '45.130.231.152', 1603724572, 0x5f5f63695f6c6173745f726567656e65726174657c693a313630333732343537323b),
('d3a61fda105d6d211438aae5f0f027819ada57e0', '103.143.98.248', 1604508580, 0x5f5f63695f6c6173745f726567656e65726174657c693a313630343530383536323b),
('d3eb9d68ab4c364b8cc59a8e85278c6c36d3af1f', '45.130.231.152', 1604596072, 0x5f5f63695f6c6173745f726567656e65726174657c693a313630343539363037323b),
('d482c6cecf6c70905a8e15b0ca00846a9a6e6218', '116.206.15.46', 1605192780, 0x5f5f63695f6c6173745f726567656e65726174657c693a313630353139323535373b),
('d4dc3b018178b56ad47e4451d9004b848accb008', '45.118.112.142', 1605018411, 0x5f5f63695f6c6173745f726567656e65726174657c693a313630353031383431313b),
('d507024e85495721e2c7b79c4aadf2859d6c4148', '45.118.112.142', 1604161681, 0x5f5f63695f6c6173745f726567656e65726174657c693a313630343136313537353b),
('d64055f790d217843dba1182da35267b82832fe6', '45.130.231.152', 1603722109, 0x5f5f63695f6c6173745f726567656e65726174657c693a313630333732323130393b),
('d662ff7d3d5116d51610419db74d1038e6be9d6c', '45.130.231.152', 1603725329, 0x5f5f63695f6c6173745f726567656e65726174657c693a313630333732353332393b),
('d6b205d1238388cce77ce24fc1c1c5efcb6f68a7', '180.242.180.95', 1605565348, 0x5f5f63695f6c6173745f726567656e65726174657c693a313630353536353334383b),
('d6d38700d59fb2f4b2183ab960e600e59cb73d6d', '114.79.55.223', 1604320693, 0x5f5f63695f6c6173745f726567656e65726174657c693a313630343332303639333b),
('d79l5d6g0k76314s937ojrvjc8f398rc', '::1', 1607835184, 0x6e616d617c733a31393a2252756d61682053616b69742044757374697261223b7374617475737c733a353a224c6f67696e223b69645f757365727c733a313a2232223b6c6576656c7c733a313a2231223b5f5f63695f6c6173745f726567656e65726174657c693a313630373833353138343b),
('d834ac94fdabd17e5e2b425d031d60740835316d', '114.79.55.120', 1604570705, 0x5f5f63695f6c6173745f726567656e65726174657c693a313630343537303730353b),
('d83c4f58da904321f937777963e91941f81db52f', '180.242.180.20', 1604606040, 0x5f5f63695f6c6173745f726567656e65726174657c693a313630343630363034303b),
('d8529eb230f3b12cc2e5eaa551480ede0f6985b5', '114.79.55.120', 1604586353, 0x5f5f63695f6c6173745f726567656e65726174657c693a313630343538363335333b),
('d88804fcc5333945aac215973c1133a437008557', '114.79.55.104', 1604131397, 0x5f5f63695f6c6173745f726567656e65726174657c693a313630343133313339373b),
('d8b9c10e0356191538cfadae64545015ab0d9c4e', '114.122.107.134', 1606736644, 0x5f5f63695f6c6173745f726567656e65726174657c693a313630363733363432373b),
('d90fe605203f40217cabdcf3d5e9c852937316bd', '114.79.2.253', 1604024607, 0x5f5f63695f6c6173745f726567656e65726174657c693a313630343032343630303b),
('d94f8fe74cdb47c12282b0979818cafb3ff2248b', '180.242.180.20', 1604590993, 0x5f5f63695f6c6173745f726567656e65726174657c693a313630343539303939333b),
('d976ea984ca4f10d846ef03e557f4a3ce7032bc7', '103.143.98.12', 1604560718, 0x5f5f63695f6c6173745f726567656e65726174657c693a313630343536303731383b),
('da8054f3d5dc3528be746b593080eeacdded34ad', '45.130.231.152', 1603723721, 0x5f5f63695f6c6173745f726567656e65726174657c693a313630333732333732313b),
('da81deafd88222895027130c23f9e0fd87b20897', '114.79.55.120', 1604572970, 0x5f5f63695f6c6173745f726567656e65726174657c693a313630343537323937303b),
('dad54afae822521579def4e2c7607df4515fe27c', '45.130.231.152', 1605483724, 0x5f5f63695f6c6173745f726567656e65726174657c693a313630353438333732343b),
('dbac22b75cc635f29a01e2c7038db9d11a12e4fc', '180.242.180.20', 1604608893, 0x5f5f63695f6c6173745f726567656e65726174657c693a313630343630383838373b),
('dd0f6259350d7933af751728fb85e3080cf0393f', '103.143.98.216', 1604407941, 0x5f5f63695f6c6173745f726567656e65726174657c693a313630343430373934313b),
('dd97a7a044338e4b60a266ddf65a89d00fe564f9', '45.118.112.142', 1605017008, 0x5f5f63695f6c6173745f726567656e65726174657c693a313630353031373030333b),
('dd9d72b950d159f32960ea7c41bb94c085f5f652', '45.118.112.142', 1605013885, 0x5f5f63695f6c6173745f726567656e65726174657c693a313630353031333838353b),
('dda63f38fd6261ce96b26fa3b6c8001d5125feca', '203.78.118.151', 1606726879, 0x5f5f63695f6c6173745f726567656e65726174657c693a313630363732363636373b),
('ddece2d62b56afbda6948005525b34831981a264', '103.143.98.216', 1604405426, 0x5f5f63695f6c6173745f726567656e65726174657c693a313630343430353432363b),
('df1fc238a328d67556a42a29bdddf67386dff701', '103.143.98.248', 1604486791, 0x5f5f63695f6c6173745f726567656e65726174657c693a313630343438363739313b),
('df44e18cda5dcbf536a7e4400e8a19749a66db3a', '45.118.112.142', 1607611417, 0x5f5f63695f6c6173745f726567656e65726174657c693a313630373631313431373b),
('df8fb532f33982b1374634219024a63c08c5b95e', '45.130.231.152', 1603724723, 0x5f5f63695f6c6173745f726567656e65726174657c693a313630333732343732333b),
('df96ba47c1b89162b42ea58e4ec24364a3d82675', '45.118.112.142', 1605016089, 0x5f5f63695f6c6173745f726567656e65726174657c693a313630353031363038393b),
('dfbb905469ea31d72dfd3a2168b8d9ca0181bc5d', '116.206.15.46', 1605192110, 0x5f5f63695f6c6173745f726567656e65726174657c693a313630353139323131303b),
('dtj2afqd0ejpr2tloce7cgcbkq5iuc8s', '::1', 1607767736, 0x6e616d617c733a31393a2252756d61682053616b69742044757374697261223b7374617475737c733a353a224c6f67696e223b69645f757365727c733a313a2232223b6c6576656c7c733a313a2231223b5f5f63695f6c6173745f726567656e65726174657c693a313630373736373733363b),
('e00bc4b7086144001c1349e842f13889dbfcbdaf', '180.242.183.33', 1606762804, 0x5f5f63695f6c6173745f726567656e65726174657c693a313630363736323730343b),
('e122ab777966e0f5c795b73e3de058c536466737', '203.190.49.3', 1607388446, 0x5f5f63695f6c6173745f726567656e65726174657c693a313630373338383434363b),
('e13dbda192365b0c5c2439b6992bb144e9677048', '114.5.217.87', 1604421630, 0x5f5f63695f6c6173745f726567656e65726174657c693a313630343432313633303b),
('e152c1f467b03554adb0b18442cc6bac0774a539', '182.253.250.209', 1605009890, 0x5f5f63695f6c6173745f726567656e65726174657c693a313630353030393839303b),
('e19c5ccef5a16e882b168ad14231c5a6ecc74d22', '45.130.231.152', 1603722370, 0x5f5f63695f6c6173745f726567656e65726174657c693a313630333732323337303b),
('e21ba1a5285cbd1273995964938d028cf3af476c', '45.118.112.142', 1607611229, 0x5f5f63695f6c6173745f726567656e65726174657c693a313630373631313232393b),
('e29c18e2e9ecdbcc67a6d8819534b9d060f1174d', '36.79.248.204', 1606864179, 0x5f5f63695f6c6173745f726567656e65726174657c693a313630363836343137393b),
('e2c6b7bf63d21aa115dfb1b6c8b2d03f39bdc7a5', '45.130.231.152', 1605483724, 0x5f5f63695f6c6173745f726567656e65726174657c693a313630353438333732343b),
('e38be577d59be84d15e39727e6c431e20685cf92', '45.130.231.152', 1603722406, 0x5f5f63695f6c6173745f726567656e65726174657c693a313630333732323430363b),
('e3cfa6f317dd2c31d259973ce2f035ebfc654c68', '114.79.55.148', 1604598392, 0x5f5f63695f6c6173745f726567656e65726174657c693a313630343539383339323b),
('e3d6de29fdbd4f1ba099585759e5b1b49af0019c', '45.130.231.152', 1603723721, 0x5f5f63695f6c6173745f726567656e65726174657c693a313630333732333732313b),
('e4uedqfo064uunoqbgmt162lhpqir9rv', '::1', 1607702962, 0x6e616d617c733a31393a2252756d61682053616b69742044757374697261223b7374617475737c733a353a224c6f67696e223b69645f757365727c733a313a2232223b6c6576656c7c733a313a2231223b5f5f63695f6c6173745f726567656e65726174657c693a313630373730323936323b),
('e683b17952360e721de676f71c6788942c57dd4f', '112.215.170.143', 1605027128, 0x5f5f63695f6c6173745f726567656e65726174657c693a313630353032373132383b),
('e69eefaef128f01d561a4261d150c5e840b44964', '45.130.231.152', 1605696858, 0x5f5f63695f6c6173745f726567656e65726174657c693a313630353639363835383b),
('e70e4617df77dc629f5cf75e7523ebcd94edb431', '45.130.231.152', 1603724647, 0x5f5f63695f6c6173745f726567656e65726174657c693a313630333732343634373b),
('e71858d7f40b7481140a471fbbb7f0d892eab0c3', '45.130.231.152', 1604596288, 0x5f5f63695f6c6173745f726567656e65726174657c693a313630343539363238383b),
('e798bc19a56e7b5e4f2634ba680207840cbef4a8', '36.79.248.204', 1606927152, 0x5f5f63695f6c6173745f726567656e65726174657c693a313630363932373135323b),
('e7a88ce9938573e2f44af4a365e720947929816e', '103.143.98.12', 1604561028, 0x5f5f63695f6c6173745f726567656e65726174657c693a313630343536313032383b),
('e7bfca328bde041a24bbc800a3d054181fc96519', '45.118.112.142', 1607611079, 0x5f5f63695f6c6173745f726567656e65726174657c693a313630373631313037393b),
('e85a847ce5ad1398e695124f1463633cab0b5cd2', '45.130.231.152', 1603724514, 0x5f5f63695f6c6173745f726567656e65726174657c693a313630333732343531343b),
('e870e29c9edb04f1954db5eb5e749d986fbfd9c5', '114.79.55.173', 1604382534, 0x5f5f63695f6c6173745f726567656e65726174657c693a313630343338323533343b),
('e8a7db105f73c091887d2a0bf778a057ffb7d6c7', '103.143.98.248', 1604475385, 0x5f5f63695f6c6173745f726567656e65726174657c693a313630343437353338353b),
('e8d101ad24c1bde9fc02bfebf570f5798487d701', '103.143.98.12', 1604564243, 0x5f5f63695f6c6173745f726567656e65726174657c693a313630343536343234333b),
('e8ff0b59af57dedad61ae1ce3e9abe91a0f03ffc', '114.124.141.237', 1606937785, 0x5f5f63695f6c6173745f726567656e65726174657c693a313630363933373738353b),
('eb304036ab1a14a84d0d549f8802648e292b91a9', '114.124.148.96', 1607179547, 0x5f5f63695f6c6173745f726567656e65726174657c693a313630373137393534373b);
INSERT INTO `ci_sessions` (`id`, `ip_address`, `timestamp`, `data`) VALUES
('eb58d710acc91cb8dd5c9159905a9d40a57d81ef', '103.143.98.216', 1604404566, 0x5f5f63695f6c6173745f726567656e65726174657c693a313630343430343536363b),
('ec2e097323bd1fceadb662a6c745152cbfb14b11', '54.221.27.173', 1606675075, 0x5f5f63695f6c6173745f726567656e65726174657c693a313630363637353037353b),
('ec37b1bbfa7380dbbf75c6af0018535c4f9f95fe', '45.130.231.152', 1604596071, 0x5f5f63695f6c6173745f726567656e65726174657c693a313630343539363037313b),
('ec47e87f204e634683a3515077f95368821dca2b', '103.143.98.12', 1604561334, 0x5f5f63695f6c6173745f726567656e65726174657c693a313630343536313333343b),
('ec868e6641b5cfa1c399c2f823e79ece94989358', '45.130.231.152', 1603722371, 0x5f5f63695f6c6173745f726567656e65726174657c693a313630333732323337313b),
('eca44bc789647ed6f1904f52857dd6e6c8ca1047', '45.130.231.152', 1603724622, 0x5f5f63695f6c6173745f726567656e65726174657c693a313630333732343632323b),
('ecbc904373777d9480f96b774fc740327a770bce', '45.130.231.152', 1603951027, 0x5f5f63695f6c6173745f726567656e65726174657c693a313630333935313032373b),
('ed83881a49bcc474c41a54e2a3bd4750e7653c1d', '45.130.231.152', 1603722578, 0x5f5f63695f6c6173745f726567656e65726174657c693a313630333732323537383b),
('ed89d47016ce0fad52a730faa0f3e9f436a8af95', '114.79.55.104', 1604130406, 0x5f5f63695f6c6173745f726567656e65726174657c693a313630343133303430363b),
('edbd0c201232a9c461cb591f3896e6003cc7841b', '45.118.112.142', 1607611416, 0x5f5f63695f6c6173745f726567656e65726174657c693a313630373631313431363b),
('ee108c08a168e9d5bfb59c6d657f62732e3cd782', '182.2.139.75', 1603724457, 0x6e616d617c733a31393a2252756d61682053616b69742044757374697261223b7374617475737c733a353a224c6f67696e223b69645f757365727c733a313a2232223b6c6576656c7c733a313a2231223b5f5f63695f6c6173745f726567656e65726174657c693a313630333732343435373b),
('eee5e60ccb19849bdf4a295ac2314b131cb9f99f', '45.130.231.152', 1603722414, 0x5f5f63695f6c6173745f726567656e65726174657c693a313630333732323431343b),
('ef20b8f4099bea86e190db28da258fedc1b28471', '119.161.100.174', 1603976927, 0x5f5f63695f6c6173745f726567656e65726174657c693a313630333937363932343b),
('ef35872fbb77700aee78470b9361d0eddcedbf47', '182.2.139.75', 1603722477, 0x5f5f63695f6c6173745f726567656e65726174657c693a313630333732323437373b),
('efac98624d720c931dd7eea3a98d82ea93e5fe97', '114.79.55.232', 1604147598, 0x5f5f63695f6c6173745f726567656e65726174657c693a313630343134373539383b),
('efebb5482889580871b874919d6d821e783fb5ec', '103.143.98.216', 1604418858, 0x5f5f63695f6c6173745f726567656e65726174657c693a313630343431383835383b),
('f105427ba81206faa816b97382349a3572f27b30', '45.130.231.152', 1603722049, 0x5f5f63695f6c6173745f726567656e65726174657c693a313630333732323034393b),
('f13d70ca2842393150d2f0b325e7040a43cf3326', '45.130.231.152', 1603723991, 0x5f5f63695f6c6173745f726567656e65726174657c693a313630333732333939313b),
('f18a9c31ccabc83eb22d22d0e78da28231cf9e5d', '45.130.231.152', 1603722578, 0x5f5f63695f6c6173745f726567656e65726174657c693a313630333732323537383b),
('f1b900ac583f7fea7eb0e6936eee5fdb5b90fe35', '103.143.98.216', 1604406665, 0x5f5f63695f6c6173745f726567656e65726174657c693a313630343430363636353b),
('f238087efa32d228d812c8753b45dd13f8d8921f', '45.130.231.152', 1604596562, 0x5f5f63695f6c6173745f726567656e65726174657c693a313630343539363536323b),
('f2503d34e48b92aabcd3c6408932e3939bf8141a', '103.143.98.248', 1604498364, 0x5f5f63695f6c6173745f726567656e65726174657c693a313630343439383336343b),
('f26a6517a7a531d44cfa7a90732e4e124cf7e775', '112.215.65.114', 1604598910, 0x5f5f63695f6c6173745f726567656e65726174657c693a313630343539383931303b),
('f283c9030320a879e42ccbc8e610c3c6a14b892e', '114.79.55.173', 1604381799, 0x5f5f63695f6c6173745f726567656e65726174657c693a313630343338313739393b),
('f2d93ba0135a0edbb74aa5f5078def573b443d16', '45.130.231.152', 1603722332, 0x5f5f63695f6c6173745f726567656e65726174657c693a313630333732323333323b),
('f349df0d806adf34aa56fb3bf4e377d0dd12ca93', '182.253.250.209', 1604999497, 0x5f5f63695f6c6173745f726567656e65726174657c693a313630343939393439373b),
('f34ccf049275e7320134897ff246b25dec3f7cfd', '103.143.98.216', 1604413932, 0x5f5f63695f6c6173745f726567656e65726174657c693a313630343431333933323b),
('f42043c4c8eb596c5577c6be7a551e31d4d9e9f1', '45.130.231.152', 1603722371, 0x5f5f63695f6c6173745f726567656e65726174657c693a313630333732323337313b),
('f44d9eb5c8d121bd83f19604d887c5e3df0d0b4f', '45.118.112.142', 1604162894, 0x5f5f63695f6c6173745f726567656e65726174657c693a313630343136323839343b),
('f5954497daa3517d03febc9e2a7ae3b8e0ef424a', '114.142.172.38', 1604621338, 0x5f5f63695f6c6173745f726567656e65726174657c693a313630343632313236313b),
('f5fo0j1f2lfic1tebbr1m5c74rn5ft16', '127.0.0.1', 1607841764, 0x6e616d617c733a31393a2252756d61682053616b69742044757374697261223b7374617475737c733a353a224c6f67696e223b69645f757365727c693a323b6c6576656c7c733a313a2231223b5f5f63695f6c6173745f726567656e65726174657c693a313630373834313736343b),
('f612878b3b0ae3fc0f5608168ada0172fdc5398b', '45.130.231.152', 1603723734, 0x5f5f63695f6c6173745f726567656e65726174657c693a313630333732333733343b),
('f7022e610da4c1f4a3be71411cf4cfa53efbfd63', '45.130.231.152', 1603950996, 0x5f5f63695f6c6173745f726567656e65726174657c693a313630333935303939363b),
('f73f1bb6a0ded24c8a9df4a403b6c382166c3af7', '180.242.180.20', 1604596518, 0x5f5f63695f6c6173745f726567656e65726174657c693a313630343539363531383b),
('f77fa8f0a1a3fa4a9ba8f41dd76d1529d1974614', '114.79.55.104', 1604128685, 0x5f5f63695f6c6173745f726567656e65726174657c693a313630343132383638353b),
('f81bacd2459f271e05a08568b89e7f7c0edc6b7c', '45.130.231.152', 1604595479, 0x5f5f63695f6c6173745f726567656e65726174657c693a313630343539353437393b),
('f82d5a711663839710a34f41ad2d8e5aa4b8eae3', '103.143.98.248', 1604508562, 0x5f5f63695f6c6173745f726567656e65726174657c693a313630343530383536323b),
('f8d7506e79a7b48024298f4128ceca97f7a7a86f', '114.79.55.173', 1604612087, 0x5f5f63695f6c6173745f726567656e65726174657c693a313630343631323038373b),
('f8f98191685b353d9e3b3f275ff9ee8aeaef7779', '45.118.112.142', 1605032875, 0x5f5f63695f6c6173745f726567656e65726174657c693a313630353033323837353b),
('f90f6b5f4a791b03027e54d06195e2e13cd03eed', '103.143.98.248', 1604472016, 0x5f5f63695f6c6173745f726567656e65726174657c693a313630343437323031363b),
('f9125cb0e6d956b71f3796e348ce1c1ee9406f6b', '182.253.250.195', 1604072098, 0x5f5f63695f6c6173745f726567656e65726174657c693a313630343037323039383b),
('f92638e727f01c45ba6dd812322fb6b73c3cca6d', '103.148.194.2', 1603991159, 0x6e616d617c733a31393a2252756d61682053616b69742044757374697261223b7374617475737c733a353a224c6f67696e223b69645f757365727c733a313a2232223b6c6576656c7c733a313a2231223b5f5f63695f6c6173745f726567656e65726174657c693a313630333939313135393b),
('f930772c5200af01b94b5a67c4e20b468343aa28', '45.130.231.152', 1603725171, 0x5f5f63695f6c6173745f726567656e65726174657c693a313630333732353137313b),
('f96e2bd6a287ca3e73505e982a0a67be1ec8ae7b', '180.242.180.20', 1604605291, 0x5f5f63695f6c6173745f726567656e65726174657c693a313630343630353238303b),
('f971fed322a74f75f14682b4af26bf712b8df3c3', '114.79.55.173', 1604611432, 0x5f5f63695f6c6173745f726567656e65726174657c693a313630343631313433323b),
('fa1fdfa04e55fa330e6be23b1047b897dbd63ace', '45.118.112.142', 1605017273, 0x5f5f63695f6c6173745f726567656e65726174657c693a313630353031373237333b),
('fa99202ea5f074ccafe43c2a77dd8c4c84b5c752', '182.2.139.75', 1603725265, 0x5f5f63695f6c6173745f726567656e65726174657c693a313630333732353131323b),
('facdab18aceb9ac1f0f8e8c8c2fdc8e061dba183', '114.79.55.232', 1604148048, 0x5f5f63695f6c6173745f726567656e65726174657c693a313630343134383034383b),
('fbcf8cfb3bc6a44e6c2ffb30139dce12ea82c962', '114.79.55.173', 1604607772, 0x5f5f63695f6c6173745f726567656e65726174657c693a313630343630373737323b),
('fcb39ulbochalmq5o5o1790mrt31qs6k', '::1', 1607621563, 0x6e616d617c733a353a2241646d696e223b7374617475737c733a353a224c6f67696e223b69645f757365727c733a313a2231223b6c6576656c7c733a313a2230223b5f5f63695f6c6173745f726567656e65726174657c693a313630373632313536333b),
('fcd8ccf027b5ff3cc758e1ae14b8606cb60973a7', '36.79.248.204', 1606946074, 0x5f5f63695f6c6173745f726567656e65726174657c693a313630363934363037343b),
('fd1eaf5d517c22334a1b1554bd5a39dff8d6c546', '182.2.139.75', 1603723713, 0x6e616d617c733a31393a2252756d61682053616b69742044757374697261223b7374617475737c733a353a224c6f67696e223b69645f757365727c733a313a2232223b6c6576656c7c733a313a2231223b5f5f63695f6c6173745f726567656e65726174657c693a313630333732333731333b),
('fd2c68adaaf33b01dc42d9687bb366e2e30b0cb1', '45.130.231.152', 1603722417, 0x5f5f63695f6c6173745f726567656e65726174657c693a313630333732323431373b),
('fdb1edb5e26a04a9bac7f529c91beb640eec129e', '36.79.248.204', 1606865537, 0x5f5f63695f6c6173745f726567656e65726174657c693a313630363836353533373b),
('fdcc709453a7ec8c1d8d6dd60f6e07a507051621', '114.124.148.96', 1607177721, 0x5f5f63695f6c6173745f726567656e65726174657c693a313630373137373732313b),
('fe1868d325f25ce43acb686a02d3a8c3e5b8efe3', '103.143.98.216', 1604418248, 0x5f5f63695f6c6173745f726567656e65726174657c693a313630343431383234383b),
('fec65ffd365ccee6a31dcc9134742884f6541b01', '114.79.55.232', 1604152335, 0x5f5f63695f6c6173745f726567656e65726174657c693a313630343135323333353b),
('ff21e57482ee3e570b760b82367ec96542efe2d3', '114.79.55.104', 1604134526, 0x5f5f63695f6c6173745f726567656e65726174657c693a313630343133343532363b),
('ff7c87c0cadbda0ecee8256c158f58bf6b76cfdb', '45.130.231.152', 1604595676, 0x5f5f63695f6c6173745f726567656e65726174657c693a313630343539353637363b),
('ffc901231f0cc12f0f1bbf525540b71fc0bf0bb5', '103.143.98.248', 1604497932, 0x5f5f63695f6c6173745f726567656e65726174657c693a313630343439373933323b),
('ffcdde307450991e03e7e3311e395b6011edfeaf', '114.124.149.218', 1606847685, 0x5f5f63695f6c6173745f726567656e65726174657c693a313630363834373638353b),
('frn2sjb4unsrme7b4ld7i1dnqllav6hq', '::1', 1607751450, 0x6e616d617c733a31393a2252756d61682053616b69742044757374697261223b7374617475737c733a353a224c6f67696e223b69645f757365727c733a313a2232223b6c6576656c7c733a313a2231223b5f5f63695f6c6173745f726567656e65726174657c693a313630373735313435303b),
('gu3e43rgfnmqo78h8d0q4sig3bh3cktv', '::1', 1607759244, 0x6e616d617c733a31393a2252756d61682053616b69742044757374697261223b7374617475737c733a353a224c6f67696e223b69645f757365727c733a313a2232223b6c6576656c7c733a313a2231223b5f5f63695f6c6173745f726567656e65726174657c693a313630373735393234343b),
('ht1cfgo3quckhtvplt1ua3csu8rrplcq', '::1', 1607752032, 0x6e616d617c733a31393a2252756d61682053616b69742044757374697261223b7374617475737c733a353a224c6f67696e223b69645f757365727c733a313a2232223b6c6576656c7c733a313a2231223b5f5f63695f6c6173745f726567656e65726174657c693a313630373735323033323b),
('iupv2l9keldsc1d1hmdnnjh3oohu7461', '::1', 1607841421, 0x6e616d617c733a31393a2252756d61682053616b69742044757374697261223b7374617475737c733a353a224c6f67696e223b69645f757365727c693a323b6c6576656c7c733a313a2231223b5f5f63695f6c6173745f726567656e65726174657c693a313630373834313432313b),
('j6a619sn0gfruoplotan6jaiagmic59t', '::1', 1607757998, 0x6e616d617c733a31393a2252756d61682053616b69742044757374697261223b7374617475737c733a353a224c6f67696e223b69645f757365727c733a313a2232223b6c6576656c7c733a313a2231223b5f5f63695f6c6173745f726567656e65726174657c693a313630373735373939383b),
('jc1hborvnb8emmekdncc8c8iqli0ssv3', '127.0.0.1', 1607621586, 0x6e616d617c733a353a2241646d696e223b7374617475737c733a353a224c6f67696e223b69645f757365727c733a313a2231223b6c6576656c7c733a313a2230223b),
('k7p45oscjuq98cu8fqn2s6suj37hru65', '::1', 1607645898, 0x6e616d617c733a31393a2252756d61682053616b69742044757374697261223b7374617475737c733a353a224c6f67696e223b69645f757365727c733a313a2232223b6c6576656c7c733a313a2231223b5f5f63695f6c6173745f726567656e65726174657c693a313630373634353839383b),
('kiheelqleto4m2tnugvfmd49ab7dsg11', '::1', 1607704346, 0x6e616d617c733a31393a2252756d61682053616b69742044757374697261223b7374617475737c733a353a224c6f67696e223b69645f757365727c733a313a2232223b6c6576656c7c733a313a2231223b5f5f63695f6c6173745f726567656e65726174657c693a313630373730343334363b),
('lrp7551drvvdpi230i6lhepm0d7804o4', '::1', 1607646250, 0x6e616d617c733a31393a2252756d61682053616b69742044757374697261223b7374617475737c733a353a224c6f67696e223b69645f757365727c733a313a2232223b6c6576656c7c733a313a2231223b5f5f63695f6c6173745f726567656e65726174657c693a313630373634363235303b),
('mnoecd2ptm1arq7kjlgote1h8r6kbfkg', '::1', 1607644249, 0x6e616d617c733a353a2241646d696e223b7374617475737c733a353a224c6f67696e223b69645f757365727c733a313a2231223b6c6576656c7c733a313a2230223b5f5f63695f6c6173745f726567656e65726174657c693a313630373634343234393b),
('naie9i8jm9e9o7vi12hfoi6dighlktcm', '::1', 1607770986, 0x6e616d617c733a31393a2252756d61682053616b69742044757374697261223b7374617475737c733a353a224c6f67696e223b69645f757365727c733a313a2232223b6c6576656c7c733a313a2231223b5f5f63695f6c6173745f726567656e65726174657c693a313630373737303938363b),
('nfsa9is9mh24uu9b7mlofuasigal3c8r', '::1', 1607758697, 0x6e616d617c733a31393a2252756d61682053616b69742044757374697261223b7374617475737c733a353a224c6f67696e223b69645f757365727c733a313a2232223b6c6576656c7c733a313a2231223b5f5f63695f6c6173745f726567656e65726174657c693a313630373735383639373b),
('nm51kb3hukc4s1asipr9c7r1c8l6ltrb', '::1', 1607785570, 0x6e616d617c733a31393a2252756d61682053616b69742044757374697261223b7374617475737c733a353a224c6f67696e223b69645f757365727c733a313a2232223b6c6576656c7c733a313a2231223b5f5f63695f6c6173745f726567656e65726174657c693a313630373738353537303b),
('ovks615kldje8dirc4f4922658b53j1n', '::1', 1607643226, 0x5f5f63695f6c6173745f726567656e65726174657c693a313630373634333232363b),
('p7t536k7a48g364of692cgltvj2ci83n', '::1', 1607763865, 0x6e616d617c733a31393a2252756d61682053616b69742044757374697261223b7374617475737c733a353a224c6f67696e223b69645f757365727c733a313a2232223b6c6576656c7c733a313a2231223b5f5f63695f6c6173745f726567656e65726174657c693a313630373736333836353b),
('q6g9fd63av0hlsvvm75sejff11pvvjlo', '::1', 1607778841, 0x6e616d617c733a31393a2252756d61682053616b69742044757374697261223b7374617475737c733a353a224c6f67696e223b69645f757365727c733a313a2232223b6c6576656c7c733a313a2231223b5f5f63695f6c6173745f726567656e65726174657c693a313630373737383834313b),
('qap6aun95j56k98olv0oovc3rl1muqvn', '::1', 1607832738, 0x6e616d617c733a31393a2252756d61682053616b69742044757374697261223b7374617475737c733a353a224c6f67696e223b69645f757365727c733a313a2232223b6c6576656c7c733a313a2231223b5f5f63695f6c6173745f726567656e65726174657c693a313630373833323733383b),
('qt8qh358a65nu5rbpggbkq4i3bg0sk2h', '::1', 1607801080, 0x6e616d617c733a31393a2252756d61682053616b69742044757374697261223b7374617475737c733a353a224c6f67696e223b69645f757365727c733a313a2232223b6c6576656c7c733a313a2231223b5f5f63695f6c6173745f726567656e65726174657c693a313630373830303938303b),
('rifivi2uprj0okmlmu1gggleoji3qcos', '::1', 1607646462, 0x6e616d617c733a31393a2252756d61682053616b69742044757374697261223b7374617475737c733a353a224c6f67696e223b69645f757365727c733a313a2232223b6c6576656c7c733a313a2231223b5f5f63695f6c6173745f726567656e65726174657c693a313630373634363235303b),
('rkpkln5jas277uvmirs2nhvgi9pkqcet', '127.0.0.1', 1607841835, 0x6e616d617c733a31393a2252756d61682053616b69742044757374697261223b7374617475737c733a353a224c6f67696e223b69645f757365727c693a323b6c6576656c7c733a313a2231223b5f5f63695f6c6173745f726567656e65726174657c693a313630373834313736343b),
('rqfhjhchl2ktvs8j1v3thdboednpvjs2', '::1', 1607840398, 0x6e616d617c733a353a2241646d696e223b7374617475737c733a353a224c6f67696e223b69645f757365727c693a313b6c6576656c7c733a313a2230223b5f5f63695f6c6173745f726567656e65726174657c693a313630373834303339383b),
('sbitkpjj8069k2c7mnde5peof7i30dgp', '::1', 1607785200, 0x6e616d617c733a31393a2252756d61682053616b69742044757374697261223b7374617475737c733a353a224c6f67696e223b69645f757365727c733a313a2232223b6c6576656c7c733a313a2231223b5f5f63695f6c6173745f726567656e65726174657c693a313630373738353139393b),
('spfub36cu7fj9p19r21e358trb0ajgro', '::1', 1607773363, 0x6e616d617c733a31393a2252756d61682053616b69742044757374697261223b7374617475737c733a353a224c6f67696e223b69645f757365727c733a313a2232223b6c6576656c7c733a313a2231223b5f5f63695f6c6173745f726567656e65726174657c693a313630373737333336333b),
('t2hebkpiitue75sr13rg3vi1q9fmruvi', '::1', 1607757361, 0x6e616d617c733a31393a2252756d61682053616b69742044757374697261223b7374617475737c733a353a224c6f67696e223b69645f757365727c733a313a2232223b6c6576656c7c733a313a2231223b5f5f63695f6c6173745f726567656e65726174657c693a313630373735373336313b),
('tmm0qb1m0htme4n5jv6grfid51trq6q8', '::1', 1607645218, 0x6e616d617c733a353a2241646d696e223b7374617475737c733a353a224c6f67696e223b69645f757365727c733a313a2231223b6c6576656c7c733a313a2230223b5f5f63695f6c6173745f726567656e65726174657c693a313630373634353231383b),
('tt2s0133ct1fe859ep3c89jopt38g786', '::1', 1607785574, 0x6e616d617c733a31393a2252756d61682053616b69742044757374697261223b7374617475737c733a353a224c6f67696e223b69645f757365727c733a313a2232223b6c6576656c7c733a313a2231223b5f5f63695f6c6173745f726567656e65726174657c693a313630373738353537303b),
('u7m9k4nbkobmsf56cvmuvdh48c6ur5mv', '::1', 1607839947, 0x6e616d617c733a353a2241646d696e223b7374617475737c733a353a224c6f67696e223b69645f757365727c693a313b6c6576656c7c733a313a2230223b5f5f63695f6c6173745f726567656e65726174657c693a313630373833393934373b),
('vke7c3odr46cptsn8384od8trhrphaep', '::1', 1607750881, 0x6e616d617c733a31393a2252756d61682053616b69742044757374697261223b7374617475737c733a353a224c6f67696e223b69645f757365727c733a313a2232223b6c6576656c7c733a313a2231223b5f5f63695f6c6173745f726567656e65726174657c693a313630373735303838313b);

-- --------------------------------------------------------

--
-- Table structure for table `master_fasilitas`
--

CREATE TABLE `master_fasilitas` (
  `id_master_fasilitas` int(11) NOT NULL,
  `nama_fasilitas` varchar(225) NOT NULL
) ENGINE=InnoDB DEFAULT CHARSET=utf8mb4;

--
-- Dumping data for table `master_fasilitas`
--

INSERT INTO `master_fasilitas` (`id_master_fasilitas`, `nama_fasilitas`) VALUES
(1, 'Ambulance'),
(2, 'KAMAR');

-- --------------------------------------------------------

--
-- Table structure for table `master_logistik`
--

CREATE TABLE `master_logistik` (
  `id_master_logistik` int(11) NOT NULL,
  `nama_logistik` varchar(225) NOT NULL
) ENGINE=InnoDB DEFAULT CHARSET=utf8mb4;

--
-- Dumping data for table `master_logistik`
--

INSERT INTO `master_logistik` (`id_master_logistik`, `nama_logistik`) VALUES
(1, 'APD'),
(2, 'RAPID TEST'),
(3, 'SWAB TEST'),
(4, 'PCR TEST');

-- --------------------------------------------------------

--
-- Table structure for table `order_ambulance`
--

CREATE TABLE `order_ambulance` (
  `id_order_ambulance` bigint(20) NOT NULL,
  `bpjs` varchar(225) NOT NULL,
  `no_telp` varchar(225) NOT NULL,
  `alamat` varchar(225) NOT NULL,
  `keluhan` varchar(225) NOT NULL,
  `status` varchar(225) NOT NULL,
  `id_rs` int(11) NOT NULL
) ENGINE=MyISAM DEFAULT CHARSET=latin1;

--
-- Dumping data for table `order_ambulance`
--

INSERT INTO `order_ambulance` (`id_order_ambulance`, `bpjs`, `no_telp`, `alamat`, `keluhan`, `status`, `id_rs`) VALUES
(20, 'orang', 'Fd', 'Ff', 'Xd', '1', 2),
(19, 'orang', '6727', 'Nznsjs', 'Nznsjsdjjs', '1', 2),
(18, 'orang', 'Ff', 'Ff', 'Dd', '1', 2),
(17, 'orang', '7273', 'Bsbsb', 'Bansn', '1', 2),
(16, 'orang', 'Dndnd', 'Bdbdn', 'Bzbzbz', '1', 2),
(15, 'orang', 'Hh', 'Sbb', 'Bnsn', '1', 2),
(14, 'orang', '082', 'Annnd', 'Bsnsnd', '1', 2),
(13, 'orang', '?882233', 'Bandung', 'Sakit', '1', 2),
(21, '1234', '089745', 'Jaksrta', 'Sakit', '0', 2),
(22, '123ro', '085156616926', 'Bandung', 'Sakit', '0', 2),
(23, '11', '089764964', 'Jakarta selatan.  Jalan sisiga maha  no 14', 'Lecet', '0', 2),
(24, '123ro', '1', 'A', 'Keluh', '0', 2),
(25, '554', '0891234', 'Bandung', 'Sakit', '0', 2),
(26, '554', '0897556788', 'Dago', 'Demam', '0', 2),
(27, '554', '68756', 'D', 'F', '0', 2),
(28, '554', '0789', 'Alamat', 'Keluhan', '0', 2),
(29, '554', '34556677', 'G', 'H', '0', 2),
(30, '554', '34556677', 'G', 'H', '0', 2),
(31, '1717', '09996973131', 'Jakarta barat.  Cengkareng raya no 30', 'Sakit rangan', '0', 2),
(32, '12345678', '08282828282', 'Hagsh', 'Test', '0', 2);

-- --------------------------------------------------------

--
-- Table structure for table `order_medical_checkup`
--

CREATE TABLE `order_medical_checkup` (
  `id_medical_checkup` bigint(20) NOT NULL,
  `id_dokter` int(11) NOT NULL,
  `id_rs` int(11) NOT NULL,
  `id_user` int(11) NOT NULL,
  `status` varchar(225) DEFAULT NULL,
  `waktu` varchar(225) NOT NULL,
  `tanggal` varchar(225) NOT NULL
) ENGINE=InnoDB DEFAULT CHARSET=utf8mb4;

-- --------------------------------------------------------

--
-- Table structure for table `order_ranap`
--

CREATE TABLE `order_ranap` (
  `id_order_ranap` int(11) NOT NULL,
  `bpjs` varchar(225) NOT NULL,
  `id_rs` varchar(225) NOT NULL,
  `id_ranap` varchar(225) NOT NULL
) ENGINE=InnoDB DEFAULT CHARSET=utf8mb4;

--
-- Dumping data for table `order_ranap`
--

INSERT INTO `order_ranap` (`id_order_ranap`, `bpjs`, `id_rs`, `id_ranap`) VALUES
(1, '554', '2', '1'),
(2, '554', '2', '1');

-- --------------------------------------------------------

--
-- Table structure for table `tbl_obat`
--

CREATE TABLE `tbl_obat` (
  `id_obat` int(11) NOT NULL,
  `kode_obat` varchar(255) NOT NULL,
  `nama_obat` varchar(255) NOT NULL,
  `jenis_obat` varchar(255) NOT NULL,
  `harga` decimal(10,0) NOT NULL,
  `satuan` varchar(255) NOT NULL,
  `stock` int(11) NOT NULL
) ENGINE=InnoDB DEFAULT CHARSET=latin1;

--
-- Dumping data for table `tbl_obat`
--

INSERT INTO `tbl_obat` (`id_obat`, `kode_obat`, `nama_obat`, `jenis_obat`, `harga`, `satuan`, `stock`) VALUES
(1, 'KO5645', 'Amoxx', 'Antibiotik', '100000', 'Pcs', 10),
(2, 'Kii776', 'Betadin', 'Luka', '5000', 'Bal', 3),
(3, 'PCT', 'PARACETAMOL', 'ANTIBIOTIK', '1000', 'Biji/Buah', 0),
(4, 'atk', 'ciproksin', 'antibiotik', '10000', 'Biji/Buah', 0),
(5, 'Amcl', 'Amoxicillin  Caplet 500 mg', 'antibiotij', '1500', 'Biji/Buah', 0),
(6, 'Erit', 'Eritromycin ', 'Antibiotik', '4500', 'Biji/Buah', 0),
(7, 'Mol', 'Molexflu', 'Ispa', '1500', 'Biji/Buah', 0),
(8, 'Cav', 'Caviplex', 'Vitamin', '1500', 'Biji/Buah', 0);

-- --------------------------------------------------------

--
-- Table structure for table `tbl_order_logistik`
--

CREATE TABLE `tbl_order_logistik` (
  `id_order_logsitik` bigint(20) NOT NULL,
  `bpjs` varchar(225) NOT NULL,
  `tanggal_order` varchar(225) DEFAULT NULL,
  `id_rs` int(11) NOT NULL,
  `jenis_order` int(11) NOT NULL,
  `hasil` varchar(225) DEFAULT NULL,
  `waktu_order` varchar(225) NOT NULL,
  `tindakan` varchar(225) NOT NULL,
  `report` varchar(225) NOT NULL
) ENGINE=InnoDB DEFAULT CHARSET=utf8mb4;

--
-- Dumping data for table `tbl_order_logistik`
--

INSERT INTO `tbl_order_logistik` (`id_order_logsitik`, `bpjs`, `tanggal_order`, `id_rs`, `jenis_order`, `hasil`, `waktu_order`, `tindakan`, `report`) VALUES
(46, '554', '22-03-2001', 2, 2, '0', '', 'Ruang Isolasi', ''),
(47, '1234', '18-10-2020 18:55:52', 2, 3, 'Negatif', '17:10', 'Ruang Bedah', 'Sembuh'),
(48, '123ro', '18-10-2020 18:56:54', 2, 2, 'Positif', '08:13', 'Ruang Isolasi', 'Sembuh'),
(49, '11', '19-10-2020 10:46:38', 2, 3, 'Negatif', '01:01', 'Ruang Isolasi', 'Meninggal'),
(50, '123ro', '24-10-2020 20:18:52', 2, 2, 'Negatif', '01:01', 'Ruang Isolasi', 'Meninggal'),
(51, '12345678', '25-10-2020 20:22:43', 2, 2, NULL, '08:07', '', ''),
(52, '12345678', '25-10-2020 20:24:39', 2, 2, NULL, '08:11', '', ''),
(53, '12345678', '25-10-2020 20:26:41', 2, 3, NULL, '01:01', '', ''),
(54, '12345678', '26-10-2020 04:38:16', 2, 3, NULL, '14:01', '', ''),
(55, '123ro', '26-10-2020 09:55:45', 2, 4, NULL, '10:01', '', ''),
(56, '554', '26-10-2020 10:11:16', 2, 3, NULL, '09:10', '', ''),
(57, '12345678', '26-10-2020 20:01:41', 2, 3, NULL, '01:01', '', ''),
(58, '1717', '26-10-2020 21:25:49', 2, 3, 'Positif', '08:12', 'Ruang Isolasi', 'Sembuh'),
(59, '1717', '26-10-2020 22:12:15', 2, 3, 'Positif', '18:20', 'Isolasi Mandiri', 'Sembuh');

-- --------------------------------------------------------

--
-- Table structure for table `tbl_pembayaran`
--

CREATE TABLE `tbl_pembayaran` (
  `id_pembayaran` int(11) NOT NULL,
  `id_resep` int(11) NOT NULL,
  `tgl_bayar` datetime NOT NULL,
  `diskon` decimal(10,0) NOT NULL,
  `grand_total` decimal(10,0) NOT NULL,
  `ket` varchar(255) NOT NULL,
  `dibayar` decimal(10,0) NOT NULL,
  `no_invoice` varchar(255) NOT NULL
) ENGINE=InnoDB DEFAULT CHARSET=latin1;

--
-- Dumping data for table `tbl_pembayaran`
--

INSERT INTO `tbl_pembayaran` (`id_pembayaran`, `id_resep`, `tgl_bayar`, `diskon`, `grand_total`, `ket`, `dibayar`, `no_invoice`) VALUES
(28, 1, '2017-06-19 13:38:18', '0', '1065000', '', '1065000', 'INV/190617/001'),
(29, 2, '2017-06-19 13:57:28', '0', '235000', '', '235000', 'INV/190617/002'),
(30, 3, '0000-00-00 00:00:00', '0', '0', '', '0', 'INV/171020/003'),
(31, 4, '0000-00-00 00:00:00', '0', '0', '', '0', 'INV/181020/004'),
(32, 1, '0000-00-00 00:00:00', '0', '0', '', '0', 'INV/181020/001'),
(33, 1, '0000-00-00 00:00:00', '0', '0', '', '0', 'INV/181020/001'),
(34, 1, '0000-00-00 00:00:00', '0', '0', '', '0', 'INV/181020/001'),
(35, 2, '0000-00-00 00:00:00', '0', '0', '', '0', 'INV/181020/002'),
(36, 3, '0000-00-00 00:00:00', '0', '0', '', '0', 'INV/181020/003'),
(37, 4, '0000-00-00 00:00:00', '0', '0', '', '0', 'INV/191020/004');

-- --------------------------------------------------------

--
-- Table structure for table `tbl_pendaftaran`
--

CREATE TABLE `tbl_pendaftaran` (
  `id_pendaftaran` int(255) NOT NULL,
  `kode_registrasi` varchar(255) NOT NULL,
  `id_dokter` int(255) NOT NULL,
  `id_pasien` int(255) NOT NULL,
  `id_user` int(255) NOT NULL,
  `ket` varchar(255) NOT NULL,
  `tgl_daftar` datetime NOT NULL,
  `status` varchar(255) NOT NULL
) ENGINE=InnoDB DEFAULT CHARSET=latin1;

--
-- Dumping data for table `tbl_pendaftaran`
--

INSERT INTO `tbl_pendaftaran` (`id_pendaftaran`, `kode_registrasi`, `id_dokter`, `id_pasien`, `id_user`, `ket`, `tgl_daftar`, `status`) VALUES
(41, 'REG/190617/0001', 1, 1, 7, '', '2017-06-19 12:02:43', 'Selesai'),
(42, 'REG/190617/0042', 2, 2, 7, '', '2017-06-19 13:51:41', 'Selesai'),
(43, 'REG/171020/0043', 1, 3, 7, '', '2020-10-17 07:57:15', 'Selesai');

-- --------------------------------------------------------

--
-- Table structure for table `tbl_pre_order_ranap`
--

CREATE TABLE `tbl_pre_order_ranap` (
  `id_pre_order_ranap` int(11) NOT NULL,
  `bpjs` varchar(225) NOT NULL,
  `id_rs` varchar(225) NOT NULL
) ENGINE=InnoDB DEFAULT CHARSET=utf8mb4;

--
-- Dumping data for table `tbl_pre_order_ranap`
--

INSERT INTO `tbl_pre_order_ranap` (`id_pre_order_ranap`, `bpjs`, `id_rs`) VALUES
(2, '554', '2'),
(3, '554', '2');

-- --------------------------------------------------------

--
-- Table structure for table `tbl_rekam_medis_irj`
--

CREATE TABLE `tbl_rekam_medis_irj` (
  `id_rekam_medis_irj` bigint(20) NOT NULL,
  `rekam_medis` longtext NOT NULL,
  `id_ticketing_irj` int(11) NOT NULL,
  `id_poli` int(11) NOT NULL,
  `bpjs` varchar(225) NOT NULL
) ENGINE=InnoDB DEFAULT CHARSET=utf8mb4;

--
-- Dumping data for table `tbl_rekam_medis_irj`
--

INSERT INTO `tbl_rekam_medis_irj` (`id_rekam_medis_irj`, `rekam_medis`, `id_ticketing_irj`, `id_poli`, `bpjs`) VALUES
(1, 'testing', 18, 30, '554');

-- --------------------------------------------------------

--
-- Table structure for table `tbl_resep`
--

CREATE TABLE `tbl_resep` (
  `id_resep` int(11) NOT NULL,
  `id_pendaftaran` int(11) NOT NULL,
  `isi_obat` longtext NOT NULL,
  `isi_tindakan` longtext NOT NULL,
  `diagnosa` varchar(255) NOT NULL,
  `biaya` decimal(10,0) NOT NULL,
  `biaya_periksa` decimal(10,0) NOT NULL,
  `biaya_adm` decimal(10,0) NOT NULL,
  `tgl_periksa` datetime NOT NULL,
  `kadaluarsa` datetime NOT NULL
) ENGINE=InnoDB DEFAULT CHARSET=latin1;

--
-- Dumping data for table `tbl_resep`
--

INSERT INTO `tbl_resep` (`id_resep`, `id_pendaftaran`, `isi_obat`, `isi_tindakan`, `diagnosa`, `biaya`, `biaya_periksa`, `biaya_adm`, `tgl_periksa`, `kadaluarsa`) VALUES
(1, 38, '[{\"id_obat\":\"\",\"nama_obat\":\"Amoxx\",\"satuan\":\"Pcs\",\"harga\":\"100000\",\"qty\":\"1\",\"p_obat\":\"21\",\"total\":100000}]', '[{\"id_tindakan\":\"1\",\"nama_tindakan\":\"Jahitan pertama\",\"biaya\":\"20000\",\"qty\":\"1\",\"total\":20000}]', 'asd', '122213', '2213', '0', '2020-10-18 06:21:46', '1945-08-17 00:00:00'),
(2, 41, '[{\"id_obat\":\"\",\"nama_obat\":\"Amoxicillin  Caplet 500 mg\",\"satuan\":\"Biji/Buah\",\"harga\":\"1500\",\"qty\":\"1\",\"p_obat\":\"2sx1\",\"total\":1500}]', '[{\"id_tindakan\":\"5\",\"nama_tindakan\":\"Cek tensi\",\"biaya\":\"5000\",\"qty\":\"1\",\"total\":5000}]', 'asd', '6623', '123', '0', '2020-10-18 11:17:01', '1970-01-01 00:00:00'),
(3, 73, '[{\"id_obat\":\"\",\"nama_obat\":\"Betadin\",\"satuan\":\"Bal\",\"harga\":\"5000\",\"qty\":\"1\",\"p_obat\":\"2x1\",\"total\":5000},{\"id_obat\":\"1\",\"nama_obat\":\"Amoxx\",\"satuan\":\"Pcs\",\"harga\":\"100000\",\"qty\":\"1\",\"p_obat\":\"2x1\",\"total\":100000}]', '[{\"id_tindakan\":\"2\",\"nama_tindakan\":\"Angkat jahitan\",\"biaya\":\"15000\",\"qty\":\"1\",\"total\":15000},{\"id_tindakan\":\"12\",\"nama_tindakan\":\"CABUT GIGI\",\"biaya\":\"100000\",\"qty\":\"1\",\"total\":100000}]', 'Sakit perut', '240000', '20000', '0', '2020-10-18 19:02:23', '1993-05-17 00:00:00'),
(4, 94, '[{\"id_obat\":\"\",\"nama_obat\":\"Amoxx\",\"satuan\":\"Pcs\",\"harga\":\"100000\",\"qty\":\"1\",\"p_obat\":\"\",\"total\":100000}]', '[{\"id_tindakan\":\"1\",\"nama_tindakan\":\"Rawat luka\",\"biaya\":\"25000\",\"qty\":\"1\",\"total\":25000}]', 'SAkit Memar di tangan', '145000', '20000', '0', '2020-10-19 10:37:20', '2020-04-12 00:00:00');

-- --------------------------------------------------------

--
-- Table structure for table `tbl_staf`
--

CREATE TABLE `tbl_staf` (
  `id_user` int(11) NOT NULL,
  `kode_user` varchar(255) NOT NULL,
  `nama_user` varchar(255) NOT NULL,
  `password` varchar(255) NOT NULL,
  `no_hp` varchar(255) NOT NULL,
  `alamat` varchar(255) NOT NULL,
  `jabatan` varchar(255) NOT NULL
) ENGINE=InnoDB DEFAULT CHARSET=latin1;

--
-- Dumping data for table `tbl_staf`
--

INSERT INTO `tbl_staf` (`id_user`, `kode_user`, `nama_user`, `password`, `no_hp`, `alamat`, `jabatan`) VALUES
(2, 'ADM001', 'Susis', '202cb962ac59075b964b07152d234b70', '0812321321', 'dsdfdsdfgdfg', 'Admin'),
(4, 'APT001', 'Gendung', '202cb962ac59075b964b07152d234b70', '08754665', 'Jalan sdfsd', 'Apoteker'),
(6, 'KSR001', 'Semprul Asi', '202cb962ac59075b964b07152d234b70', '45645', 'Jakfgfgh', 'Kasir'),
(7, 'RSP001', 'Jamil', '202cb962ac59075b964b07152d234b70', '0812312', 'Jakghj', 'Reseptionis');

-- --------------------------------------------------------

--
-- Table structure for table `tbl_ticketing_irj`
--

CREATE TABLE `tbl_ticketing_irj` (
  `id_ticketing_irj` bigint(20) NOT NULL,
  `bpjs` varchar(225) NOT NULL,
  `id_poli` varchar(225) NOT NULL,
  `time` date DEFAULT NULL,
  `antrian` int(11) NOT NULL,
  `id_rs` int(11) NOT NULL,
  `status` varchar(225) DEFAULT NULL,
  `id_dokter` varchar(225) DEFAULT NULL
) ENGINE=InnoDB DEFAULT CHARSET=utf8mb4;

--
-- Dumping data for table `tbl_ticketing_irj`
--

INSERT INTO `tbl_ticketing_irj` (`id_ticketing_irj`, `bpjs`, `id_poli`, `time`, `antrian`, `id_rs`, `status`, `id_dokter`) VALUES
(32, 'orang', '29', '2020-10-13', 1, 2, NULL, NULL),
(33, 'orang', '29', '2020-10-13', 2, 2, NULL, NULL),
(34, 'orang', '31', '2020-10-13', 1, 2, NULL, NULL),
(36, 'orang', '29', '2020-10-13', 3, 2, NULL, NULL),
(37, '554', '29', '2020-10-18', 1, 0, NULL, NULL),
(38, '554', '30', '2020-10-18', 1, 2, 'Di Rujuk', '11'),
(39, '554', '30', '2020-10-18', 2, 2, 'Di Rujuk', NULL),
(40, '554', '29', '2020-10-18', 1, 2, NULL, NULL),
(41, '554', '30', '2020-10-18', 3, 2, 'Di Rujuk Ranap', NULL),
(72, '554', '30', '2020-10-18', 2, 2, 'Di Rujuk', NULL),
(73, '1234', '31', '2020-10-18', 1, 2, 'Di Rujuk', '13'),
(74, '123ro', '31', '2020-10-18', 2, 2, NULL, NULL),
(75, '554', '30', '2020-10-18', 1, 3, NULL, NULL),
(76, '554', '30', '2020-10-18', 2, 3, NULL, NULL),
(77, '1234', '31', '2020-10-18', 1, 3, NULL, NULL),
(78, '1234', '31', '2020-10-18', 2, 3, NULL, NULL),
(79, '1234', '31', '2020-10-18', 3, 3, NULL, NULL),
(80, '1234', '31', '2020-10-18', 4, 3, NULL, NULL),
(81, '1234', '31', '2020-10-18', 5, 3, NULL, NULL),
(82, '1234', '31', '2020-10-18', 6, 3, NULL, NULL),
(83, '1234', '31', '2020-10-18', 7, 3, NULL, NULL),
(84, '1234', '31', '2020-10-18', 8, 3, NULL, NULL),
(85, '1234', '31', '2020-10-18', 9, 3, NULL, NULL),
(86, '1234', '31', '2020-10-18', 10, 3, NULL, NULL),
(87, '1234', '31', '2020-10-18', 11, 3, NULL, NULL),
(88, '1234', '31', '2020-10-18', 12, 3, NULL, NULL),
(89, '1234', '31', '2020-10-18', 13, 3, NULL, NULL),
(90, '1234', '31', '2020-10-18', 14, 3, NULL, NULL),
(91, '1234', '31', '2020-10-18', 15, 3, NULL, NULL),
(92, '1234', '31', '2020-10-18', 16, 3, NULL, NULL),
(93, '123ro', '31', '2020-10-18', 3, 2, NULL, NULL),
(94, '01', '31', '2020-10-19', 1, 2, 'Di Rujuk', '13'),
(95, '01', '30', '2020-10-19', 1, 2, NULL, NULL),
(96, '01', '31', '2020-10-19', 2, 2, NULL, NULL),
(97, '11', '31', '2020-10-19', 3, 2, 'Di Rujuk', NULL),
(98, '11', '31', '2020-10-19', 4, 2, NULL, NULL),
(99, '12345678', '29', '2020-10-25', 1, 2, NULL, NULL),
(100, '12345678', '29', '2020-10-25', 2, 2, NULL, NULL),
(101, '123ro', '29', '2020-10-26', 1, 2, NULL, NULL),
(102, '554', '30', '2020-10-26', 1, 2, NULL, NULL),
(103, '554', '30', '2020-10-26', 2, 2, NULL, NULL),
(104, '554', '31', '2020-10-26', 1, 2, 'Di Rujuk Ranap', NULL),
(105, '554', '29', '2020-10-26', 2, 2, NULL, NULL),
(106, '1717', '31', '2020-10-26', 2, 2, 'Di Rujuk', NULL),
(107, '1717', '31', '2020-10-26', 3, 2, NULL, NULL),
(108, '12345678', '29', '2020-10-30', 1, 2, NULL, NULL);

--
-- Triggers `tbl_ticketing_irj`
--
DELIMITER $$
CREATE TRIGGER `date_tbl_ticketing_irj` BEFORE INSERT ON `tbl_ticketing_irj` FOR EACH ROW set new.`time` = now()
$$
DELIMITER ;

-- --------------------------------------------------------

--
-- Table structure for table `tbl_tindakan`
--

CREATE TABLE `tbl_tindakan` (
  `id_tindakan` int(11) NOT NULL,
  `kode_tindakan` varchar(255) NOT NULL,
  `nama_tindakan` varchar(255) NOT NULL,
  `biaya` decimal(10,0) NOT NULL
) ENGINE=InnoDB DEFAULT CHARSET=latin1;

--
-- Dumping data for table `tbl_tindakan`
--

INSERT INTO `tbl_tindakan` (`id_tindakan`, `kode_tindakan`, `nama_tindakan`, `biaya`) VALUES
(1, 'T001', 'Jahitan pertama', '20000'),
(2, 'T002', 'Jahitan bercabang pertama', '25000'),
(3, 'T003', 'Jahitan kedua dst.', '30000'),
(4, 'T004', 'Angkat jahitan', '15000'),
(5, 'T005', 'Cek tensi', '5000'),
(6, 'T006', 'Pasang Kateter', '40000'),
(7, 'T007', 'Lepas Kateter', '20000'),
(8, 'T008', 'Rawat luka', '25000'),
(9, 'T009', 'Infus', '30000'),
(10, 'T010', 'Injeksi', '20000'),
(12, 'J001', 'CABUT GIGI', '100000'),
(13, 'R0001', 'CABUT GIGI', '150000');

-- --------------------------------------------------------

--
-- Table structure for table `tb_admin`
--

CREATE TABLE `tb_admin` (
  `id_admin` int(11) NOT NULL,
  `nama` varchar(225) NOT NULL,
  `username` varchar(225) NOT NULL,
  `password` varchar(225) NOT NULL,
  `level_akses` int(11) NOT NULL,
  `no_telp` varchar(225) NOT NULL,
  `alamat` varchar(225) NOT NULL,
  `email` varchar(225) NOT NULL,
  `url` longtext NOT NULL,
  `foto` varchar(225) NOT NULL,
  `created_at` timestamp NOT NULL DEFAULT current_timestamp()
) ENGINE=InnoDB DEFAULT CHARSET=utf8mb4;

--
-- Dumping data for table `tb_admin`
--

INSERT INTO `tb_admin` (`id_admin`, `nama`, `username`, `password`, `level_akses`, `no_telp`, `alamat`, `email`, `url`, `foto`, `created_at`) VALUES
(1, 'Admin', 'admin', 'admin', 0, '', '', '', '', '', '2020-09-23 05:45:58'),
(2, 'Rumah Sakit Dustira', 'putra', 'putra', 1, '', 'Bandung', '', 'https://www.google.com/maps/place/Rumah+Sakit+Umum+Pusat+Dr.+Hasan+Sadikin+Bandung/@-6.9402624,107.610112,12z/data=!4m5!3m4!1s0x2e68e642a7183059:0xd07affd224606be5!8m2!3d-6.8964253!4d107.5989129', 'Rumah-sumsel.jpg', '2020-10-04 20:49:18'),
(3, 'Rumah Sakit Umum Daerah Siti Fatimah ', 'ibu', 'ibu', 1, '', 'Jawa Timur', '', 'https://www.google.com/maps/place/Rumah+Sakit+Mitra+Kasih/@-6.8842714,107.5505444,17z/data=!3m1!4b1!4m5!3m4!1s0x2e68e435da313e53:0x4d0bc15c4b1761e0!8m2!3d-6.8842714!4d107.5527331', 'rsud-siti-fatimah.jpg', '2020-10-04 20:49:35'),
(4, 'RS MARTHADINATA', 'marta', 'marta', 1, '022 823223', 'Jakarta', 'martadinata@gmail', 'https://www.google.com/maps/place/Rumah+Sakit+Mitra+Kasih/@-6.8842714,107.5505444,17z/data=!3m1!4b1!4m5!3m4!1s0x2e68e435da313e53:0x4d0bc15c4b1761e0!8m2!3d-6.8842714!4d107.5527331', 'Rumah-sumsel.jpg', '2020-10-13 07:39:04'),
(18, 'RS Mandi', 'cek', 'cek', 1, '085162662', 'asd', 'asd', 'https://www.google.com/maps/place/Rumah+Sakit+Mitra+Kasih/@-6.8842714,107.5505444,17z/data=!3m1!4b1!4m5!3m4!1s0x2e68e435da313e53:0x4d0bc15c4b1761e0!8m2!3d-6.8842714!4d107.5527331', 'rsud-siti-fatimah.jpg', '2020-10-17 03:53:14'),
(19, 'asd', 'asd', 'asd', 1, 'asd', 'asd', 'asd', 'https://www.google.com/maps/place/Rumah+Sakit+Mitra+Kasih/@-6.8842714,107.5505444,17z/data=!3m1!4b1!4m5!3m4!1s0x2e68e435da313e53:0x4d0bc15c4b1761e0!8m2!3d-6.8842714!4d107.5527331', 'sumutjpg.jpg', '2020-10-17 03:55:15'),
(20, 'Pusat Pemerintah', 'pusat', 'pusat', 2, '', '', '', '', '', '2020-10-19 06:10:45'),
(21, 'Rumah Sakit Testing', 'testing', 'testing', 1, '0998765432323', 'di tempat', 'testing@testing.com', '', '', '2020-10-19 06:30:26');

-- --------------------------------------------------------

--
-- Table structure for table `tb_dokter`
--

CREATE TABLE `tb_dokter` (
  `id_dokter` bigint(20) NOT NULL,
  `nama_dokter` varchar(225) NOT NULL,
  `id_rs` int(11) NOT NULL,
  `id_poli` int(11) NOT NULL,
  `username` varchar(225) NOT NULL,
  `password` varchar(225) NOT NULL,
  `alamat` longtext NOT NULL,
  `no_hp` varchar(225) NOT NULL
) ENGINE=MyISAM DEFAULT CHARSET=latin1;

--
-- Dumping data for table `tb_dokter`
--

INSERT INTO `tb_dokter` (`id_dokter`, `nama_dokter`, `id_rs`, `id_poli`, `username`, `password`, `alamat`, `no_hp`) VALUES
(1, 'Dr Lazuardhi ', 2, 0, '', '', '', ''),
(2, 'DR Budihi', 2, 0, '', '', '', ''),
(3, 'Dr Loasd', 0, 0, '', '', '', ''),
(4, 'Dr loas', 0, 0, '', '', '', ''),
(5, 'Dr loas', 0, 0, '', '', '', ''),
(6, 'Dr loas', 0, 0, '', '', '', ''),
(7, 'APP', 2, 0, '', '', '', ''),
(8, 'Dr A ', 2, 0, '', '', '', ''),
(9, 'Malik', 3, 0, '', '', '', ''),
(10, 'rozaq', 2, 30, 'rozaq', 'rozaq', 'rozaq', '232323'),
(11, 'DOkter 1 ', 2, 30, 'a', 'a', 'a', '232'),
(12, 'Dr Rozaq', 2, 30, 'rozaq', 'rozaq', 'Bandung', '08232323'),
(13, 'Dr Zaenal', 2, 31, 'zaen', 'zaen', 'Bandung', '012832973827'),
(14, 'Rey', 2, 31, 'rey', '123', 'Jakarta', '0899697133');

-- --------------------------------------------------------

--
-- Table structure for table `tb_fasilitas`
--

CREATE TABLE `tb_fasilitas` (
  `id_fasilitas` bigint(20) NOT NULL,
  `jenis_fasilitas` varchar(225) NOT NULL,
  `persediaan` varchar(225) NOT NULL,
  `id_user` int(11) NOT NULL
) ENGINE=InnoDB DEFAULT CHARSET=utf8mb4;

--
-- Dumping data for table `tb_fasilitas`
--

INSERT INTO `tb_fasilitas` (`id_fasilitas`, `jenis_fasilitas`, `persediaan`, `id_user`) VALUES
(1, '1', '10', 2),
(7, '1', '3', 3),
(8, '2', '20', 3),
(9, '2', '20', 2),
(10, '15', '8', 1);

-- --------------------------------------------------------

--
-- Table structure for table `tb_logistik`
--

CREATE TABLE `tb_logistik` (
  `id_logistik` bigint(20) NOT NULL,
  `nama_logistik` varchar(225) NOT NULL,
  `stok_persediaan` varchar(225) NOT NULL,
  `id_user` int(11) NOT NULL
) ENGINE=InnoDB DEFAULT CHARSET=utf8mb4;

--
-- Dumping data for table `tb_logistik`
--

INSERT INTO `tb_logistik` (`id_logistik`, `nama_logistik`, `stok_persediaan`, `id_user`) VALUES
(5, '1', '90', 2),
(6, '2', '96', 2),
(7, '3', '29', 2),
(8, '4', '12', 2),
(9, '1', '97', 2),
(10, '1', '23', 1),
(11, '3', '150', 1),
(12, '1', '20', 1),
(13, '1', '100', 3),
(15, '2', '1', 2);

-- --------------------------------------------------------

--
-- Table structure for table `tb_poli`
--

CREATE TABLE `tb_poli` (
  `id_poli` int(11) NOT NULL,
  `nama_poli` varchar(225) NOT NULL
) ENGINE=InnoDB DEFAULT CHARSET=utf8mb4;

--
-- Dumping data for table `tb_poli`
--

INSERT INTO `tb_poli` (`id_poli`, `nama_poli`) VALUES
(29, 'POLIKLINIK TELINGA HIDUNG TENGGOROKAN'),
(30, 'POLIKLINIK KEDOKTERAN JIWA ATAU PSIKIATRI'),
(31, 'POLIKLINIK MATA');

-- --------------------------------------------------------

--
-- Table structure for table `tb_ranap_master`
--

CREATE TABLE `tb_ranap_master` (
  `id_ranap` bigint(20) NOT NULL,
  `ruangan` varchar(225) NOT NULL,
  `foto` varchar(225) NOT NULL,
  `id_rs` int(11) NOT NULL,
  `persediaan` int(11) NOT NULL,
  `jenis` varchar(225) NOT NULL
) ENGINE=InnoDB DEFAULT CHARSET=utf8mb4;

--
-- Dumping data for table `tb_ranap_master`
--

INSERT INTO `tb_ranap_master` (`id_ranap`, `ruangan`, `foto`, `id_rs`, `persediaan`, `jenis`) VALUES
(1, 'Kemuning 1', 'vvip-1.jpg', 2, 40, 'Umum');

-- --------------------------------------------------------

--
-- Table structure for table `tb_rujukan`
--

CREATE TABLE `tb_rujukan` (
  `id_rujukan_keluar` int(11) NOT NULL,
  `bpjs` varchar(225) NOT NULL,
  `id_rs_asal` varchar(225) NOT NULL,
  `id_rs_tujuan` varchar(225) NOT NULL,
  `status` varchar(225) DEFAULT NULL,
  `id_poli` int(11) DEFAULT NULL
) ENGINE=InnoDB DEFAULT CHARSET=utf8mb4;

--
-- Dumping data for table `tb_rujukan`
--

INSERT INTO `tb_rujukan` (`id_rujukan_keluar`, `bpjs`, `id_rs_asal`, `id_rs_tujuan`, `status`, `id_poli`) VALUES
(2, '554', '2', '2', 'Terima', 30),
(3, '554', '2', '2', 'Terima', 30),
(4, '554', '2', '2', 'Terima', 30),
(5, '554', '2', '2', 'Terima', 30),
(6, '554', '2', '3', 'Terima', 30),
(7, '1234', '2', '3', 'Terima', 31),
(8, '01', '2', '3', NULL, 31),
(9, '11', '2', '4', NULL, 31),
(10, '1717', '2', '3', NULL, 31);

-- --------------------------------------------------------

--
-- Table structure for table `tb_user`
--

CREATE TABLE `tb_user` (
  `id_user` int(11) NOT NULL,
  `bpjs` varchar(225) NOT NULL,
  `nama` varchar(225) NOT NULL,
  `username` varchar(225) NOT NULL,
  `password` varchar(225) NOT NULL,
  `id_rs` int(11) NOT NULL,
  `nik` varchar(225) NOT NULL,
  `alamat` varchar(225) NOT NULL,
  `tanggal_lahir` date NOT NULL,
  `no_hp` varchar(20) NOT NULL
) ENGINE=InnoDB DEFAULT CHARSET=utf8mb4;

--
-- Dumping data for table `tb_user`
--

INSERT INTO `tb_user` (`id_user`, `bpjs`, `nama`, `username`, `password`, `id_rs`, `nik`, `alamat`, `tanggal_lahir`, `no_hp`) VALUES
(1, '123', 'Doni', '', '123', 2, '123213232', 'Bandung', '0000-00-00', ''),
(2, '554', 'Asep Samsudin', '', 'user', 2, '12312313232', 'Jakarta ', '0000-00-00', '02123123123'),
(3, 'orang', 'rozaq', '', 'cek', 2, '122323', 'bandung', '0000-00-00', ''),
(4, '1', 'rozaq', '', 'cek', 2, '122323', 'bandung', '0000-00-00', ''),
(6, 'masuk', 'nama', '', 'masuk', 2, '123321', '', '0000-00-00', '089474'),
(7, 'masuk', 'abdul', '', 'masuk', 2, '9090', '', '0000-00-00', '089999'),
(8, 'coba test', 'hahaha', '', 'hahaha', 2, '123456', '', '0000-00-00', '899984'),
(9, '7777777', 'Reysha7', '', '123', 2, '111111', '', '0000-00-00', '08976767'),
(10, '7777777', 'Reysha7', '', '123', 2, '111111', '', '0000-00-00', '08976767'),
(11, '123ro', 'Abdul', '', 'Rozaa', 2, '010322', '', '0000-00-00', '085156616926'),
(12, '1234', 'Bang ganteng', '', '123', 2, '1234', '', '0000-00-00', '08976464'),
(13, '01', 'Bang', '', '123', 2, '01', '', '0000-00-00', ''),
(14, '01', 'Bang', '', '123', 2, '01', '', '0000-00-00', ''),
(15, '01', 'Bang', '', '123', 2, '01', '', '0000-00-00', ''),
(16, '11', 'Reyvan', '', '123', 2, '10593', '', '0000-00-00', '0896875474'),
(17, '12345678', 'Dayat', '', 'unbroken28', 2, '317204280596', '', '0000-00-00', '081285052775'),
(18, '1717', 'Sharey', '', '123', 2, '123123', '', '0000-00-00', '0896994123'),
(19, '12345', 'qwerty', '', 'qwerty', 2, '12345', '', '0000-00-00', '12345');

-- --------------------------------------------------------

--
-- Table structure for table `ws_apps`
--

CREATE TABLE `ws_apps` (
  `id_apps` int(11) NOT NULL,
  `secret_key` varchar(225) NOT NULL,
  `tanggal` timestamp NOT NULL DEFAULT current_timestamp()
) ENGINE=InnoDB DEFAULT CHARSET=utf8mb4;

--
-- Dumping data for table `ws_apps`
--

INSERT INTO `ws_apps` (`id_apps`, `secret_key`, `tanggal`) VALUES
(1, 'asdasd', '0000-00-00 00:00:00'),
(2, 'f99aecef3d12e02dcbb6260bbdd35189c89e6e73', '2020-09-23 05:05:50');

--
-- Indexes for dumped tables
--

--
-- Indexes for table `berita_covid`
--
ALTER TABLE `berita_covid`
  ADD PRIMARY KEY (`id_berita`);

--
-- Indexes for table `ci_sessions`
--
ALTER TABLE `ci_sessions`
  ADD PRIMARY KEY (`id`),
  ADD KEY `ci_sessions_timestamp` (`timestamp`);

--
-- Indexes for table `master_fasilitas`
--
ALTER TABLE `master_fasilitas`
  ADD PRIMARY KEY (`id_master_fasilitas`);

--
-- Indexes for table `master_logistik`
--
ALTER TABLE `master_logistik`
  ADD PRIMARY KEY (`id_master_logistik`);

--
-- Indexes for table `order_ambulance`
--
ALTER TABLE `order_ambulance`
  ADD PRIMARY KEY (`id_order_ambulance`);

--
-- Indexes for table `order_medical_checkup`
--
ALTER TABLE `order_medical_checkup`
  ADD PRIMARY KEY (`id_medical_checkup`);

--
-- Indexes for table `order_ranap`
--
ALTER TABLE `order_ranap`
  ADD PRIMARY KEY (`id_order_ranap`);

--
-- Indexes for table `tbl_obat`
--
ALTER TABLE `tbl_obat`
  ADD PRIMARY KEY (`id_obat`);

--
-- Indexes for table `tbl_order_logistik`
--
ALTER TABLE `tbl_order_logistik`
  ADD PRIMARY KEY (`id_order_logsitik`);

--
-- Indexes for table `tbl_pembayaran`
--
ALTER TABLE `tbl_pembayaran`
  ADD PRIMARY KEY (`id_pembayaran`);

--
-- Indexes for table `tbl_pendaftaran`
--
ALTER TABLE `tbl_pendaftaran`
  ADD PRIMARY KEY (`id_pendaftaran`);

--
-- Indexes for table `tbl_pre_order_ranap`
--
ALTER TABLE `tbl_pre_order_ranap`
  ADD PRIMARY KEY (`id_pre_order_ranap`);

--
-- Indexes for table `tbl_rekam_medis_irj`
--
ALTER TABLE `tbl_rekam_medis_irj`
  ADD PRIMARY KEY (`id_rekam_medis_irj`);

--
-- Indexes for table `tbl_resep`
--
ALTER TABLE `tbl_resep`
  ADD PRIMARY KEY (`id_resep`);

--
-- Indexes for table `tbl_staf`
--
ALTER TABLE `tbl_staf`
  ADD PRIMARY KEY (`id_user`);

--
-- Indexes for table `tbl_ticketing_irj`
--
ALTER TABLE `tbl_ticketing_irj`
  ADD PRIMARY KEY (`id_ticketing_irj`);

--
-- Indexes for table `tbl_tindakan`
--
ALTER TABLE `tbl_tindakan`
  ADD PRIMARY KEY (`id_tindakan`);

--
-- Indexes for table `tb_admin`
--
ALTER TABLE `tb_admin`
  ADD PRIMARY KEY (`id_admin`);

--
-- Indexes for table `tb_dokter`
--
ALTER TABLE `tb_dokter`
  ADD PRIMARY KEY (`id_dokter`);

--
-- Indexes for table `tb_fasilitas`
--
ALTER TABLE `tb_fasilitas`
  ADD PRIMARY KEY (`id_fasilitas`);

--
-- Indexes for table `tb_logistik`
--
ALTER TABLE `tb_logistik`
  ADD PRIMARY KEY (`id_logistik`);

--
-- Indexes for table `tb_poli`
--
ALTER TABLE `tb_poli`
  ADD PRIMARY KEY (`id_poli`);

--
-- Indexes for table `tb_ranap_master`
--
ALTER TABLE `tb_ranap_master`
  ADD PRIMARY KEY (`id_ranap`);

--
-- Indexes for table `tb_rujukan`
--
ALTER TABLE `tb_rujukan`
  ADD PRIMARY KEY (`id_rujukan_keluar`);

--
-- Indexes for table `tb_user`
--
ALTER TABLE `tb_user`
  ADD PRIMARY KEY (`id_user`);

--
-- Indexes for table `ws_apps`
--
ALTER TABLE `ws_apps`
  ADD PRIMARY KEY (`id_apps`);

--
-- AUTO_INCREMENT for dumped tables
--

--
-- AUTO_INCREMENT for table `berita_covid`
--
ALTER TABLE `berita_covid`
  MODIFY `id_berita` bigint(20) NOT NULL AUTO_INCREMENT, AUTO_INCREMENT=37;

--
-- AUTO_INCREMENT for table `master_fasilitas`
--
ALTER TABLE `master_fasilitas`
  MODIFY `id_master_fasilitas` int(11) NOT NULL AUTO_INCREMENT, AUTO_INCREMENT=3;

--
-- AUTO_INCREMENT for table `master_logistik`
--
ALTER TABLE `master_logistik`
  MODIFY `id_master_logistik` int(11) NOT NULL AUTO_INCREMENT, AUTO_INCREMENT=5;

--
-- AUTO_INCREMENT for table `order_ambulance`
--
ALTER TABLE `order_ambulance`
  MODIFY `id_order_ambulance` bigint(20) NOT NULL AUTO_INCREMENT, AUTO_INCREMENT=33;

--
-- AUTO_INCREMENT for table `order_medical_checkup`
--
ALTER TABLE `order_medical_checkup`
  MODIFY `id_medical_checkup` bigint(20) NOT NULL AUTO_INCREMENT, AUTO_INCREMENT=13;

--
-- AUTO_INCREMENT for table `order_ranap`
--
ALTER TABLE `order_ranap`
  MODIFY `id_order_ranap` int(11) NOT NULL AUTO_INCREMENT, AUTO_INCREMENT=3;

--
-- AUTO_INCREMENT for table `tbl_obat`
--
ALTER TABLE `tbl_obat`
  MODIFY `id_obat` int(11) NOT NULL AUTO_INCREMENT, AUTO_INCREMENT=9;

--
-- AUTO_INCREMENT for table `tbl_order_logistik`
--
ALTER TABLE `tbl_order_logistik`
  MODIFY `id_order_logsitik` bigint(20) NOT NULL AUTO_INCREMENT, AUTO_INCREMENT=60;

--
-- AUTO_INCREMENT for table `tbl_pembayaran`
--
ALTER TABLE `tbl_pembayaran`
  MODIFY `id_pembayaran` int(11) NOT NULL AUTO_INCREMENT, AUTO_INCREMENT=38;

--
-- AUTO_INCREMENT for table `tbl_pendaftaran`
--
ALTER TABLE `tbl_pendaftaran`
  MODIFY `id_pendaftaran` int(255) NOT NULL AUTO_INCREMENT, AUTO_INCREMENT=44;

--
-- AUTO_INCREMENT for table `tbl_pre_order_ranap`
--
ALTER TABLE `tbl_pre_order_ranap`
  MODIFY `id_pre_order_ranap` int(11) NOT NULL AUTO_INCREMENT, AUTO_INCREMENT=4;

--
-- AUTO_INCREMENT for table `tbl_rekam_medis_irj`
--
ALTER TABLE `tbl_rekam_medis_irj`
  MODIFY `id_rekam_medis_irj` bigint(20) NOT NULL AUTO_INCREMENT, AUTO_INCREMENT=2;

--
-- AUTO_INCREMENT for table `tbl_resep`
--
ALTER TABLE `tbl_resep`
  MODIFY `id_resep` int(11) NOT NULL AUTO_INCREMENT, AUTO_INCREMENT=22;

--
-- AUTO_INCREMENT for table `tbl_staf`
--
ALTER TABLE `tbl_staf`
  MODIFY `id_user` int(11) NOT NULL AUTO_INCREMENT, AUTO_INCREMENT=8;

--
-- AUTO_INCREMENT for table `tbl_ticketing_irj`
--
ALTER TABLE `tbl_ticketing_irj`
  MODIFY `id_ticketing_irj` bigint(20) NOT NULL AUTO_INCREMENT, AUTO_INCREMENT=109;

--
-- AUTO_INCREMENT for table `tbl_tindakan`
--
ALTER TABLE `tbl_tindakan`
  MODIFY `id_tindakan` int(11) NOT NULL AUTO_INCREMENT, AUTO_INCREMENT=14;

--
-- AUTO_INCREMENT for table `tb_admin`
--
ALTER TABLE `tb_admin`
  MODIFY `id_admin` int(11) NOT NULL AUTO_INCREMENT, AUTO_INCREMENT=22;

--
-- AUTO_INCREMENT for table `tb_dokter`
--
ALTER TABLE `tb_dokter`
  MODIFY `id_dokter` bigint(20) NOT NULL AUTO_INCREMENT, AUTO_INCREMENT=15;

--
-- AUTO_INCREMENT for table `tb_fasilitas`
--
ALTER TABLE `tb_fasilitas`
  MODIFY `id_fasilitas` bigint(20) NOT NULL AUTO_INCREMENT, AUTO_INCREMENT=11;

--
-- AUTO_INCREMENT for table `tb_logistik`
--
ALTER TABLE `tb_logistik`
  MODIFY `id_logistik` bigint(20) NOT NULL AUTO_INCREMENT, AUTO_INCREMENT=16;

--
-- AUTO_INCREMENT for table `tb_poli`
--
ALTER TABLE `tb_poli`
  MODIFY `id_poli` int(11) NOT NULL AUTO_INCREMENT, AUTO_INCREMENT=32;

--
-- AUTO_INCREMENT for table `tb_ranap_master`
--
ALTER TABLE `tb_ranap_master`
  MODIFY `id_ranap` bigint(20) NOT NULL AUTO_INCREMENT, AUTO_INCREMENT=2;

--
-- AUTO_INCREMENT for table `tb_rujukan`
--
ALTER TABLE `tb_rujukan`
  MODIFY `id_rujukan_keluar` int(11) NOT NULL AUTO_INCREMENT, AUTO_INCREMENT=11;

--
-- AUTO_INCREMENT for table `tb_user`
--
ALTER TABLE `tb_user`
  MODIFY `id_user` int(11) NOT NULL AUTO_INCREMENT, AUTO_INCREMENT=20;

--
-- AUTO_INCREMENT for table `ws_apps`
--
ALTER TABLE `ws_apps`
  MODIFY `id_apps` int(11) NOT NULL AUTO_INCREMENT, AUTO_INCREMENT=3;
COMMIT;

/*!40101 SET CHARACTER_SET_CLIENT=@OLD_CHARACTER_SET_CLIENT */;
/*!40101 SET CHARACTER_SET_RESULTS=@OLD_CHARACTER_SET_RESULTS */;
/*!40101 SET COLLATION_CONNECTION=@OLD_COLLATION_CONNECTION */;
